s0,1,1,1,64,2426,3,0.710850497684,-0.893455098935,420,2,2,2
s0,2,1,1,79,3236,4,0.955060609047,1.83428462709,900,3,1,3
s0,3,1,1,89,2766,3,-0.056666995171,2.47412480974,960,2,1,2
s0,4,1,1,97,2096,3,1.51325514931,3.28234398782,180,2,1,2
s0,5,1,1,64,2093,1,1.75746526067,4.12423896499,180,3,0,2
s0,6,0,0,NaN,NaN,NaN,NaN,NaN,NaN,NaN,NaN,NaN
s0,7,1,1,72,2606,2,-3.05696264906,3.349695586,240,2,3,2
s0,8,1,1,70,2023,4,-4.6617719523,2.00266362253,240,0,4,1
s0,9,1,1,68,2151,1,-0.893958805558,0.62195585997,840,2,2,2
s0,10,0,0,NaN,NaN,NaN,NaN,NaN,NaN,NaN,NaN,NaN
s0,11,1,1,74,1613,3,-1.24283039322,3.82115677321,240,2,2,3
s0,12,0,0,NaN,NaN,NaN,NaN,NaN,NaN,NaN,NaN,NaN
s0,13,1,1,66,2130,3,-0.963733123091,3.82115677321,120,2,3,2
s0,14,0,0,NaN,NaN,NaN,NaN,NaN,NaN,NaN,NaN,NaN
s0,15,1,1,69,1863,1,-3.58027003055,-1.02815829528,360,1,3,1
s0,16,0,0,NaN,NaN,NaN,NaN,NaN,NaN,NaN,NaN,NaN
s0,17,1,1,78,1571,2,1.19927072041,2.64250380518,420,2,1,2
s0,18,1,1,53,1895,3,-2.56854242633,2.13736681887,240,1,2,2
s0,19,1,1,67,2241,4,-1.13816891692,3.41704718417,60,3,1,3
s0,20,1,1,62,2364,4,-3.68493150685,2.20471841705,180,3,1,3
s0,21,0,0,NaN,NaN,NaN,NaN,NaN,NaN,NaN,NaN,NaN
s0,22,1,1,85,2059,2,-2.25455799744,1.86796042618,360,2,2,1
s0,23,0,0,NaN,NaN,NaN,NaN,NaN,NaN,NaN,NaN,NaN
s0,24,1,1,102,1724,1,0.501527545087,2.64591321263,300,3,1,3
s0,25,1,1,102,1864,4,0.431753227555,4.12423896499,240,2,1,3
s0,26,1,1,47,1579,4,-4.06869025328,3.68645357686,240,0,2,1
s0,27,0,0,NaN,NaN,NaN,NaN,NaN,NaN,NaN,NaN,NaN
s0,28,1,1,87,1694,3,-0.893958805558,-2.74562404871,60,1,2,1
s0,29,0,0,NaN,NaN,NaN,NaN,NaN,NaN,NaN,NaN,NaN
s0,30,1,1,80,2232,3,-2.04523504484,-1.2302130898,660,3,2,3
s1,1,1,1,70,3499,4,2.76919286489,-1.59442310536,0,0,0,0
s1,2,1,1,101,2200,1,0.920173450281,2.69970580033,240,2,1,4
s1,3,1,1,83,2574,2,1.58302946684,-2.77929984779,660,3,1,3
s1,4,1,1,48,1572,3,1.89701389573,2.44044901065,60,2,3,1
s1,5,1,1,104,2180,3,1.89701389573,2.20471841705,0,3,1,3
s1,6,1,0,NaN,NaN,0,-0.0915541539371,-0.859779299848,420,3,2,1
s1,7,0,0,NaN,NaN,NaN,NaN,NaN,NaN,NaN,NaN,NaN
s1,8,0,0,NaN,NaN,NaN,NaN,NaN,NaN,NaN,NaN,NaN
s1,9,0,0,NaN,NaN,NaN,NaN,NaN,NaN,NaN,NaN,NaN
s1,10,0,0,NaN,NaN,NaN,NaN,NaN,NaN,NaN,NaN,NaN
s1,11,0,0,NaN,NaN,NaN,NaN,NaN,NaN,NaN,NaN,NaN
s1,12,0,0,NaN,NaN,NaN,NaN,NaN,NaN,NaN,NaN,NaN
s1,13,1,1,116,1857,3,2.22006553173,-2.25796401566,120,2,3,3
s1,14,1,1,129,NaN,0,2.72437495548,4.35133213782,240,4,2,4
s1,15,0,0,NaN,NaN,NaN,NaN,NaN,NaN,NaN,NaN,NaN
s1,16,1,1,107,2160,1,0.454982548615,-0.917044829483,0,4,0,4
s1,17,0,0,NaN,NaN,NaN,NaN,NaN,NaN,NaN,NaN,NaN
s1,18,0,0,NaN,NaN,NaN,NaN,NaN,NaN,NaN,NaN,NaN
s1,19,1,1,75,NaN,2,1.52664007408,2.79479510451,300,2,2,3
s1,20,0,0,NaN,NaN,NaN,NaN,NaN,NaN,NaN,NaN,NaN
s1,21,0,0,NaN,NaN,NaN,NaN,NaN,NaN,NaN,NaN,NaN
s1,22,1,1,102,1683,2,2.25158487072,2.42969609461,240,2,3,4
s1,23,1,1,114,1784,2,2.2831042097,-1.55596809681,120,2,3,3
s1,24,1,1,101,1737,2,-1.3101004345,1.69949807481,300,2,2,1
s1,25,1,1,92,1810,3,2.66133627751,-2.74479240736,180,3,3,3
s1,26,1,1,112,1396,0,1.0853693283,-2.33051474207,240,0,1,1
s1,27,1,1,75,2661,2,0.86473395541,-1.00831958196,0,0,3,0
s1,28,1,1,103,NaN,4,-3.29581879051,2.33842134213,120,0,0,0
s1,29,1,1,112,2033,3,2.25158487072,-2.52956545655,0,2,0,3
s1,30,1,1,101,2054,0,1.93639148087,-1.43426842684,360,0,2,1
s2,1,1,1,74,2103,1,4.83617066743,4.8630209777,1500,4,0,4
s2,2,1,1,64,2677,0,4.86769000641,4.71156490649,1080,4,0,4
s2,3,1,1,72,1702,2,1.99943015884,2.03417216722,360,2,1,2
s2,4,1,1,63,1472,2,4.93072868438,3.89009213421,420,3,1,2
s2,5,1,1,82,1183,2,4.64705463352,4.89411441144,420,4,0,4
s2,6,1,1,60,1300,0,4.77313198946,4.80283965897,1020,3,0,2
s2,7,1,1,79,1397,1,3.8905904979,3.9509419692,1440,4,0,3
s2,8,1,1,55,1978,0,2.91349098939,2.73394526953,540,3,0,3
s2,9,1,1,71,1745,4,-3.10670275661,-0.156421892189,360,0,3,0
s2,10,1,1,73,2086,2,-0.112365553102,0.117402365237,420,2,3,2
s2,11,1,1,63,1534,0,3.92210983688,3.98136688669,300,4,0,4
s2,12,1,1,46,NaN,2,4.89920934539,4.95496424642,960,4,2,4
s2,13,1,1,62,1582,1,3.54387776907,3.79881738174,1500,4,0,4
s2,14,1,1,51,1780,4,-4.87178573973,4.98538916392,600,1,4,0
s2,15,1,1,78,1290,1,-0.0808462141178,0.0261276127613,360,2,3,1
s2,16,1,1,95,1721,3,0.171308497756,0.056552530253,1080,2,2,2
s2,17,1,1,58,2394,0,4.89920934539,4.77241474147,1440,4,0,4
s2,18,1,1,76,1680,1,2.2831042097,2.55139576458,1440,3,1,3
s2,19,1,1,67,2583,1,2.97652966736,2.97734460946,1080,3,1,2
s2,20,1,1,59,1485,4,-3.80012821426,2.78565593023,1500,0,3,0
s2,21,1,1,67,1781,2,-0.206923570055,-1.89064218922,1440,1,2,0
s2,22,1,1,59,2054,3,-0.143884892086,-0.204640483961,660,2,0,2
s2,23,1,1,59,1709,2,-0.112365553102,0.0869774477448,360,2,2,2
s2,24,1,1,51,1374,3,-1.94048721419,-0.0347222222222,240,1,3,2
s2,25,1,1,58,1378,4,-3.26429945153,0.0869774477448,420,1,2,1
s2,26,1,1,41,1679,2,0.0767504808035,3.89009213421,1440,2,2,2
s2,27,1,1,53,1653,1,3.82755181993,3.89009213421,1440,4,1,4
s2,28,1,1,64,3000,0,2.62981693853,3.76839246425,1440,3,2,3
s2,29,1,1,43,2177,2,-0.0178075361493,3.03819444444,480,3,1,2
s2,30,1,1,56,2570,2,1.96791081986,3.06861936194,360,2,2,2
s3,1,1,1,84,2098,4,-4.77722772277,-4.74362257946,360,0,3,4
s3,2,1,1,93,2426,2,-0.459078281929,-2.37744086909,360,1,1,0
s3,3,1,1,74,2403,3,-2.75999002778,-2.04276677668,360,1,2,1
s3,4,1,1,110,2415,3,-2.03504523114,-1.37341859186,360,1,3,1
s3,5,1,1,117,2237,4,-3.13822209559,-4.81143426843,480,1,4,1
s3,6,1,1,92,1992,4,4.80465132844,4.89411441144,480,4,4,4
s3,7,1,1,95,2375,2,-2.35023862098,-1.76894251925,360,1,3,2
s3,8,1,1,92,2143,2,-1.78289051927,-2.04276677668,360,1,3,1
s3,9,1,1,86,2368,2,-3.76860887528,-0.977894664466,360,1,3,1
s3,10,1,1,122,2470,2,0.328905192678,-1.00831958196,600,2,2,1
s3,11,0,0,NaN,NaN,NaN,NaN,NaN,NaN,NaN,NaN,NaN
s3,12,1,1,102,1993,2,-0.0493268751336,-2.62084020902,600,1,2,2
s3,13,1,1,104,1926,1,1.90487214189,-1.9514920242,900,2,0,2
s3,14,1,1,105,2001,3,-0.931868366693,-1.98191694169,420,1,1,1
s3,15,1,1,91,2594,2,-2.69695134981,-2.62084020902,420,1,2,1
s3,16,1,1,101,1912,2,-0.39603960396,-4.68973459846,360,0,1,0
s3,17,1,1,104,1688,4,-4.99786309566,-4.96355885589,360,0,3,0
s3,18,1,1,117,2018,3,-1.56225514638,-4.38548542354,480,0,3,0
s3,19,0,0,NaN,NaN,NaN,NaN,NaN,NaN,NaN,NaN,NaN
s3,20,1,1,117,2198,1,3.16564570126,-0.947469746975,720,3,1,3
s3,21,1,1,109,1769,3,-2.22416126505,2.27757150715,480,2,3,1
s3,22,1,1,105,1878,2,2.0939881758,-2.87402959809,480,2,1,1
s3,23,1,1,104,1682,2,2.0939881758,-1.70809268427,720,1,3,1
s3,24,1,1,102,1485,2,3.19716504025,-1.31256875688,480,2,2,3
s3,25,1,1,90,2388,3,-2.28719994302,-4.93313393839,780,1,3,1
s3,26,1,1,108,1575,4,-4.05228292613,-4.85337623537,600,1,4,1
s3,27,1,1,88,1394,4,1.84183346392,-1.85230185359,480,1,4,1
s3,28,1,1,84,1521,3,-4.99786309566,-2.01234185919,540,1,4,1
s3,29,1,1,101,1578,4,0.927772633378,-2.86423954895,600,2,2,1
s3,30,1,1,89,1580,1,4.64705463352,-4.95775947739,600,3,4,3
s4,1,1,1,49,2325,2,-0.0915541539371,-4.49676560122,0,0,0,0
s4,2,1,1,63,2178,2,0.0131073223613,-4.2947108067,420,3,3,3
s4,3,1,1,68,1224,3,0.152655957426,-4.69882039574,180,0,4,0
s4,4,1,1,80,1509,4,0.11776879866,-1.62924684963,0,0,4,0
s4,5,1,1,84,1473,2,2.10633684833,-0.0178843226788,300,2,3,4
s4,6,1,1,78,1626,3,-1.87079925101,0.891362252664,240,2,4,2
s4,7,0,0,NaN,NaN,NaN,NaN,NaN,NaN,NaN,NaN,NaN
s4,8,1,1,73,1615,0,4.61821227949,4.32629375951,1500,4,0,2
s4,9,1,1,42,1875,4,0.0479944811274,0.217846270928,480,3,2,3
s4,10,0,0,NaN,NaN,NaN,NaN,NaN,NaN,NaN,NaN,NaN
s4,11,1,1,78,1116,3,4.1995663743,2.37309741248,180,1,0,0
s4,12,1,1,62,1764,4,3.01340297625,2.8445585997,120,2,0,2
s4,13,1,1,58,1887,3,3.64137183404,2.33942161339,120,2,0,2
s4,14,1,1,86,3815,3,0.0479944811274,-0.118911719939,120,1,4,0
s4,15,1,1,65,NaN,2,0.0479944811274,0.217846270928,1020,3,4,2
s4,16,1,1,90,1464,2,0.222430274958,0.150494672755,420,0,4,2
s4,17,1,1,56,1216,3,-3.71981866562,0.72298325723,120,0,4,0
s4,18,1,1,79,1372,4,0.11776879866,3.0802891933,120,2,2,1
s4,19,1,1,69,1730,4,-0.196215630236,-4.2947108067,0,0,2,0
s4,20,1,1,56,1277,4,0.0828816398936,-0.0515601217656,240,2,0,2
s4,21,1,1,92,2155,0,4.75776091456,4.76407914764,1500,4,0,3
s4,22,0,0,NaN,NaN,NaN,NaN,NaN,NaN,NaN,NaN,NaN
s4,23,0,0,NaN,NaN,NaN,NaN,NaN,NaN,NaN,NaN,NaN
s4,24,1,1,43,2092,4,4.68798659702,2.17104261796,360,4,0,4
s4,25,1,1,79,1303,0,4.23445353306,4.26734364015,540,3,1,4
s4,26,0,0,NaN,NaN,NaN,NaN,NaN,NaN,NaN,NaN,NaN
s4,27,1,1,53,1552,1,2.90874149995,3.28234398782,180,3,0,2
s4,28,1,1,19,1429,2,1.8272395782,0.285197869102,480,2,2,3
s4,29,1,1,58,2085,2,-0.161328471469,0.370249610332,720,2,2,2
s4,30,0,0,NaN,NaN,NaN,NaN,NaN,NaN,NaN,NaN,NaN
s5,1,1,1,58,2772,3,-0.510200059131,4.80485021397,480,0,0,4
s5,2,1,1,95,4864,1,1.16438356164,0.150494672755,1440,1,1,0
s5,3,1,1,114,3047,2,2.80408002365,2.44044901065,300,2,1,2
s5,4,1,1,82,2588,4,2.59475707106,2.67617960426,360,2,1,4
s5,5,1,1,92,2485,1,1.58302946684,1.66590563166,240,2,2,2
s5,6,1,1,65,4673,1,0.187543116192,0.487252663623,360,3,1,2
s5,7,0,0,NaN,NaN,NaN,NaN,NaN,NaN,NaN,NaN,NaN
s5,8,1,1,103,3058,1,0.152655957426,-1.90372907154,1440,1,1,2
s5,9,1,1,100,2541,0,1.33881935547,0.554604261796,1500,3,0,2
s5,10,0,0,NaN,NaN,NaN,NaN,NaN,NaN,NaN,NaN,NaN
s5,11,0,0,NaN,NaN,NaN,NaN,NaN,NaN,NaN,NaN,NaN
s5,12,1,1,103,2025,2,-0.231102789002,0.0831430745814,1500,1,2,2
s5,13,1,1,83,2193,0,2.55986991229,-2.2404870624,1500,2,2,1
s5,14,0,0,NaN,NaN,NaN,NaN,NaN,NaN,NaN,NaN,NaN
s5,15,0,0,NaN,NaN,NaN,NaN,NaN,NaN,NaN,NaN,NaN
s5,16,1,1,94,1888,1,-2.8127525377,2.77720700152,1500,3,1,2
s5,17,0,0,NaN,NaN,NaN,NaN,NaN,NaN,NaN,NaN,NaN
s5,18,1,1,73,2017,2,-0.265989947768,-2.44254185693,180,0,2,2
s5,19,0,0,NaN,NaN,NaN,NaN,NaN,NaN,NaN,NaN,NaN
s5,20,0,0,NaN,NaN,NaN,NaN,NaN,NaN,NaN,NaN,NaN
s5,21,0,0,NaN,NaN,NaN,NaN,NaN,NaN,NaN,NaN,NaN
s5,22,0,0,NaN,NaN,NaN,NaN,NaN,NaN,NaN,NaN,NaN
s5,23,1,0,NaN,NaN,0,0.29220459249,0.520928462709,1500,2,2,2
s5,24,0,0,NaN,NaN,NaN,NaN,NaN,NaN,NaN,NaN,NaN
s5,25,1,1,82,1854,1,2.73430570612,2.6374125604,300,2,0,4
s5,26,0,0,NaN,NaN,NaN,NaN,NaN,NaN,NaN,NaN,NaN
s5,27,1,1,88,2181,1,2.07144968956,2.71493020486,120,3,0,4
s5,28,1,1,96,2370,1,2.97851581748,0.0597669232744,120,2,2,2
s5,29,1,1,82,1869,1,0.11776879866,2.8401579719,1500,3,3,3
s5,30,1,1,78,2378,1,0.955060609047,-2.61092085236,1500,2,2,3
s6,1,1,0,NaN,NaN,2,1.09460924411,-1.7353500761,0,2,2,2
s6,2,1,1,85,3009,3,-0.963733123091,-2.59502278797,0,2,2,1
s6,3,1,1,79,2525,4,-3.51049571302,-3.0150304414,0,0,1,0
s6,4,1,1,89,2775,2,2.59475707106,-1.87005327245,0,1,2,2
s6,5,1,1,103,3897,3,-2.04523504484,-1.8768011758,0,1,4,2
s6,6,0,0,NaN,NaN,NaN,NaN,NaN,NaN,NaN,NaN,NaN
s6,7,1,1,97,2897,1,3.85069478664,0.116818873668,300,3,1,3
s6,8,1,1,118,3459,2,2.76919286489,3.01293759513,120,2,0,3
s6,9,1,1,113,3689,2,2.55986991229,0.0494672754947,60,2,1,2
s6,10,1,1,130,3869,2,2.42032127722,-0.0178843226788,60,2,2,2
s6,11,1,1,111,2828,3,2.42032127722,-0.0515601217656,120,3,1,3
s6,12,1,1,101,3722,3,2.55986991229,-3.34988101396,0,2,1,1
s6,13,1,1,133,2378,2,2.55986991229,-0.0139605494576,60,2,1,3
s6,14,1,1,120,2639,3,-1.03350744062,-3.31811263318,420,1,1,1
s6,15,1,1,131,2852,3,-0.0915541539371,-0.0515601217656,0,2,1,2
s6,16,1,1,86,1627,3,-1.69636345718,-0.994482496195,0,1,3,1
s6,17,1,1,110,1748,4,-1.97546072731,-1.98502866609,0,1,3,1
s6,18,1,1,116,1713,3,-1.24283039322,-1.20744636687,0,3,2,2
s6,19,1,1,100,1916,4,-0.859071646792,-0.889035972467,0,1,2,1
s6,20,1,1,118,2552,3,-0.3357642653,-0.186263318113,0,2,2,2
s6,21,1,1,117,2384,3,0.0131073223613,-3.10642028907,180,1,3,1
s6,22,1,1,125,1977,4,-0.056666995171,-0.0178843226788,0,0,0,0
s6,23,1,1,116,2711,3,0.780624815216,3.04661339422,120,1,0,2
s6,24,1,1,107,1913,4,-1.83591209224,-1.19653729072,0,1,1,1
s6,25,1,1,127,3519,3,-0.579974376663,0.0494672754947,0,1,2,0
s6,26,0,0,NaN,NaN,NaN,NaN,NaN,NaN,NaN,NaN,NaN
s6,27,1,1,131,2021,2,2.62964422982,0.756659056317,180,3,1,2
s6,28,1,1,111,3992,1,-0.3357642653,0.131839792841,600,2,1,2
s6,29,1,1,133,2940,3,-0.126441312703,-2.27640120043,0,2,3,2
s6,30,1,1,112,2830,2,2.90874149995,2.50780060883,180,3,1,3
s7,1,1,1,75,5894,3,-2.84763969646,-2.5098934551,120,1,1,2
s7,2,1,1,70,1806,1,3.36227456391,-3.21708523592,840,3,2,1
s7,3,0,0,NaN,NaN,NaN,NaN,NaN,NaN,NaN,NaN,NaN
s7,4,1,1,76,2673,1,2.83896718242,3.28234398782,960,4,0,3
s7,5,1,1,86,1608,NaN,1.68769094314,-1.93740487062,120,3,0,3
s7,6,1,1,87,1443,1,2.55986991229,2.87823439878,120,3,0,3
s7,7,1,1,88,1623,2,2.00167537203,0.184170471842,60,3,0,2
s7,8,0,0,NaN,NaN,NaN,NaN,NaN,NaN,NaN,NaN,NaN
s7,9,1,1,98,3382,0,4.12979205677,4.04640273235,660,4,0,4
s7,10,1,1,88,1457,1,-0.196215630236,-3.84452719957,420,2,0,3
s7,11,1,1,85,2393,0,2.94362865872,-3.7895738204,1500,3,0,4
s7,12,1,1,102,1952,3,2.31565980093,3.74372134506,120,3,0,2
s7,13,1,1,95,2183,2,1.65280378437,-1.2302130898,0,3,0,2
s7,14,0,0,NaN,NaN,NaN,NaN,NaN,NaN,NaN,NaN,NaN
s7,15,1,1,76,1489,3,-0.0217798364048,0.217846270928,180,3,0,2
s7,16,0,0,NaN,NaN,NaN,NaN,NaN,NaN,NaN,NaN,NaN
s7,17,1,1,NaN,NaN,2,3.18783877008,-1.70167427702,60,3,0,2
s7,18,1,1,NaN,NaN,NaN,NaN,NaN,NaN,NaN,NaN,NaN
s7,19,1,1,93,1587,1,1.86212673697,-3.08238203957,60,3,0,3
s7,20,1,1,NaN,NaN,1,0.0131073223613,0.184170471842,180,2,0,2
s7,21,1,1,NaN,NaN,1,2.62964422982,-0.145775898044,240,3,0,2
s7,22,0,0,NaN,NaN,NaN,NaN,NaN,NaN,NaN,NaN,NaN
s7,23,0,0,NaN,NaN,NaN,NaN,NaN,NaN,NaN,NaN,NaN
s7,24,1,0,NaN,NaN,3,3.53671035774,2.88521045238,300,3,0,3
s7,25,0,0,NaN,NaN,NaN,NaN,NaN,NaN,NaN,NaN,NaN
s7,26,1,0,NaN,NaN,3,-1.73125061595,3.67094038756,180,2,0,3
s7,27,1,0,NaN,NaN,2,3.46693604021,2.13736681887,180,3,4,0
s7,28,0,0,NaN,NaN,NaN,NaN,NaN,NaN,NaN,NaN,NaN
s7,29,1,0,NaN,NaN,0,3.50182319898,3.5854261796,180,4,0,3
s7,30,0,0,NaN,NaN,NaN,NaN,NaN,NaN,NaN,NaN,NaN
s8,1,1,1,37,1985,2,0.14365281968,4.32683691756,0,2,0,3
s8,2,0,0,NaN,NaN,NaN,NaN,NaN,NaN,NaN,NaN,NaN
s8,3,0,0,NaN,NaN,NaN,NaN,NaN,NaN,NaN,NaN,NaN
s8,4,0,1,48,1802,NaN,NaN,NaN,NaN,NaN,NaN,NaN
s8,5,1,0,NaN,NaN,2,0.595497795312,3.13732078853,60,2,0,2
s8,6,1,0,NaN,NaN,3,2.93687630541,3.79555746646,120,2,0,2
s8,7,0,0,NaN,NaN,NaN,NaN,NaN,NaN,NaN,NaN,NaN
s8,8,1,0,NaN,NaN,2,0.800881875145,3.88454852907,60,2,2,1
s8,9,0,0,NaN,NaN,NaN,NaN,NaN,NaN,NaN,NaN,NaN
s8,10,0,0,NaN,NaN,NaN,NaN,NaN,NaN,NaN,NaN,NaN
s8,11,0,0,NaN,NaN,NaN,NaN,NaN,NaN,NaN,NaN,NaN
s8,12,0,0,NaN,NaN,NaN,NaN,NaN,NaN,NaN,NaN,NaN
s8,13,0,0,NaN,NaN,NaN,NaN,NaN,NaN,NaN,NaN,NaN
s8,14,1,0,NaN,NaN,3,-1.62265026688,0.7979390681,60,2,2,1
s8,15,0,0,NaN,NaN,NaN,NaN,NaN,NaN,NaN,NaN,NaN
s8,16,1,0,NaN,NaN,1,1.21165003481,2.65826659391,420,2,1,4
s8,17,1,0,NaN,NaN,2,1.37595729868,2.14628120477,0,2,0,2
s8,18,0,0,NaN,NaN,NaN,NaN,NaN,NaN,NaN,NaN,NaN
s8,19,1,0,NaN,NaN,2,2.73149222557,2.22677416784,1500,2,0,2
s8,20,0,0,NaN,NaN,NaN,NaN,NaN,NaN,NaN,NaN,NaN
s8,21,1,0,NaN,NaN,3,1.37595729868,1.67025089606,120,2,0,3
s8,22,1,0,NaN,NaN,4,-4.29264330471,-4.33891465245,0,0,4,4
s8,23,0,0,NaN,NaN,NaN,NaN,NaN,NaN,NaN,NaN,NaN
s8,24,0,0,NaN,NaN,NaN,NaN,NaN,NaN,NaN,NaN,NaN
s8,25,0,0,NaN,NaN,NaN,NaN,NaN,NaN,NaN,NaN,NaN
s8,26,0,0,NaN,NaN,NaN,NaN,NaN,NaN,NaN,NaN,NaN
s8,27,0,0,NaN,NaN,NaN,NaN,NaN,NaN,NaN,NaN,NaN
s8,28,0,0,NaN,NaN,NaN,NaN,NaN,NaN,NaN,NaN,NaN
s8,29,0,0,NaN,NaN,NaN,NaN,NaN,NaN,NaN,NaN,NaN
s8,30,0,0,NaN,NaN,NaN,NaN,NaN,NaN,NaN,NaN,NaN
s9,1,1,1,75,3114,4,-4.36423432682,3.54742063492,300,2,2,4
s9,2,1,1,63,2514,2,-1.89023638232,-1.86091269841,1500,1,3,2
s9,3,0,0,NaN,NaN,NaN,NaN,NaN,NaN,NaN,NaN,NaN
s9,4,0,0,NaN,NaN,NaN,NaN,NaN,NaN,NaN,NaN,NaN
s9,5,0,0,NaN,NaN,NaN,NaN,NaN,NaN,NaN,NaN,NaN
s9,6,1,1,39,2129,4,-4.61891058582,-4.35436507937,360,0,4,1
s9,7,0,0,NaN,NaN,NaN,NaN,NaN,NaN,NaN,NaN,NaN
s9,8,1,1,57,1757,4,-3.05447070915,2.14265873016,600,1,2,2
s9,9,0,0,NaN,NaN,NaN,NaN,NaN,NaN,NaN,NaN,NaN
s9,10,0,0,NaN,NaN,NaN,NaN,NaN,NaN,NaN,NaN,NaN
s9,11,1,1,57,1998,2,-0.980678314491,-0.701984126984,300,3,2,1
s9,12,0,0,NaN,NaN,NaN,NaN,NaN,NaN,NaN,NaN,NaN
s9,13,1,1,57,1656,3,-2.83617677287,2.17777777778,180,1,3,1
s9,14,1,1,30,1898,4,-2.43597122302,-4.70555555556,360,0,3,4
s9,15,0,0,NaN,NaN,NaN,NaN,NaN,NaN,NaN,NaN,NaN
s9,16,1,1,53,2007,3,-1.99938335046,-0.0347222222222,300,1,3,3
s9,17,0,0,NaN,NaN,NaN,NaN,NaN,NaN,NaN,NaN,NaN
s9,18,0,0,NaN,NaN,NaN,NaN,NaN,NaN,NaN,NaN,NaN
s9,19,1,1,63,2229,1,-0.835149023638,-3.05496031746,540,3,3,0
s9,20,0,0,NaN,NaN,NaN,NaN,NaN,NaN,NaN,NaN,NaN
s9,21,0,0,NaN,NaN,NaN,NaN,NaN,NaN,NaN,NaN,NaN
s9,22,0,0,NaN,NaN,NaN,NaN,NaN,NaN,NaN,NaN,NaN
s9,23,0,0,NaN,NaN,NaN,NaN,NaN,NaN,NaN,NaN,NaN
s9,24,0,0,NaN,NaN,NaN,NaN,NaN,NaN,NaN,NaN,NaN
s9,25,0,0,NaN,NaN,NaN,NaN,NaN,NaN,NaN,NaN,NaN
s9,26,0,0,NaN,NaN,NaN,NaN,NaN,NaN,NaN,NaN,NaN
s9,27,0,0,NaN,NaN,NaN,NaN,NaN,NaN,NaN,NaN,NaN
s9,28,0,0,NaN,NaN,NaN,NaN,NaN,NaN,NaN,NaN,NaN
s9,29,0,0,NaN,NaN,NaN,NaN,NaN,NaN,NaN,NaN,NaN
s9,30,1,1,59,1892,3,-3.63658787256,-2.03650793651,420,0,4,0
s10,1,1,1,125,2312,4,-2.88252685523,0.0494672754947,240,0,2,0
s10,2,1,1,107,1967,1,-0.161328471469,-2.8498003305,300,3,1,3
s10,3,1,1,122,1740,0,0.955060609047,-1.02815829528,660,1,1,0
s10,4,1,1,96,1373,2,-0.475312900365,-4.36206240487,300,2,2,2
s10,5,0,0,NaN,NaN,NaN,NaN,NaN,NaN,NaN,NaN,NaN
s10,6,1,1,105,1829,4,-4.7664334286,0.0850957118576,600,1,4,2
s10,7,1,1,111,1375,2,-0.0217798364048,0.655631659056,1500,1,2,0
s10,8,1,1,72,4540,2,4.65309943826,0.107887099686,300,3,2,3
s10,9,0,0,NaN,NaN,NaN,NaN,NaN,NaN,NaN,NaN,NaN
s10,10,1,1,70,1821,1,-2.18478367991,-1.90372907154,1440,4,1,3
s10,11,1,1,116,1496,2,4.61821227949,-4.63876241164,1080,1,4,3
s10,12,1,1,89,2654,2,-2.18478367991,-1.90372907154,1200,1,4,1
s10,13,1,1,116,1588,2,2.42032127722,-2.47621765601,420,2,0,2
s10,14,1,1,113,2351,2,0.0131073223613,-0.113256265765,1260,1,4,1
s10,15,1,1,112,NaN,1,4.47866364443,4.82503637259,600,2,1,2
s10,16,0,0,NaN,NaN,NaN,NaN,NaN,NaN,NaN,NaN,NaN
s10,17,1,1,115,1705,2,-1.06839459939,2.23839421613,360,4,0,4
s10,18,1,1,114,2796,2,0.11776879866,-0.915985963842,300,2,2,2
s10,19,1,1,116,1604,2,0.152655957426,1.04951148418,480,2,2,2
s10,20,1,1,79,1693,2,-0.231102789002,0.440089279477,360,2,2,2
s10,21,1,1,103,1509,2,-0.0915541539371,-0.489345509893,360,2,2,2
s10,22,1,1,111,1417,2,-0.126441312703,0.248972336814,600,2,2,2
s10,23,0,0,NaN,NaN,NaN,NaN,NaN,NaN,NaN,NaN,NaN
s10,24,1,1,116,NaN,2,-0.056666995171,0.150494672755,720,2,2,2
s10,25,0,0,NaN,NaN,NaN,NaN,NaN,NaN,NaN,NaN,NaN
s10,26,1,1,101,2331,2,-0.859071646792,-1.46594368341,540,2,2,2
s10,27,1,1,119,1948,2,0.152655957426,-0.0178843226788,840,2,2,2
s10,28,1,1,110,1756,4,-2.98718833153,-2.64459665145,660,2,4,0
s10,29,1,1,127,1649,2,-0.126441312703,-0.0515601217656,720,2,2,2
s10,30,1,1,100,1541,1,-3.02207549029,-4.66514459665,300,1,4,0
s11,1,1,1,45,2431,2,NaN,125.0,120,1,1,2
s11,2,1,1,46,3202,3,NaN,425.0,420,0,2,1
s11,3,1,1,33,2141,2,NaN,305.0,300,1,3,2
s11,4,1,1,41,4234,4,NaN,605.0,600,1,3,2
s11,5,1,1,46,3173,3,NaN,725.0,720,2,2,2
s11,6,1,1,30,2681,4,NaN,365.0,360,0,4,0
s11,7,1,1,39,3306,2,NaN,605.0,600,1,3,2
s11,8,1,1,49,2356,3,NaN,605.0,600,1,3,0
s11,9,1,1,35,2048,2,NaN,545.0,540,2,3,2
s11,10,1,1,29,2901,3,NaN,605.0,600,2,2,2
s11,11,1,1,36,1975,4,NaN,545.0,540,1,2,3
s11,12,1,1,44,2599,4,NaN,485.0,480,0,4,2
s11,13,0,0,NaN,NaN,NaN,NaN,NaN,NaN,NaN,NaN,NaN
s11,14,1,1,12,5007,2,NaN,545.0,540,2,0,4
s11,15,1,1,35,2873,2,NaN,665.0,660,2,2,2
s11,16,0,0,NaN,NaN,NaN,NaN,NaN,NaN,NaN,NaN,NaN
s11,17,1,1,50,2434,4,NaN,5.0,0,0,1,0
s11,18,0,0,NaN,NaN,NaN,NaN,NaN,NaN,NaN,NaN,NaN
s11,19,1,1,47,1920,4,-4.07317574512,-3.75734126984,420,0,4,0
s11,20,1,1,30,NaN,4,-1.96300102775,0.000396825396826,0,0,1,0
s11,21,1,1,53,3375,4,-3.23638232271,0.316468253968,120,0,4,0
s11,22,1,1,60,2984,4,-2.43597122302,0.105753968254,120,1,2,3
s11,23,1,1,51,2605,2,NaN,425.0,420,1,3,2
s11,24,0,0,NaN,NaN,NaN,NaN,NaN,NaN,NaN,NaN,NaN
s11,25,1,1,53,3373,4,-3.52744090442,2.63432539683,660,0,3,0
s11,26,1,1,52,3770,2,-2.72702980473,0.316468253968,240,1,2,3
s11,27,1,1,40,1987,2,-3.81849948613,0.175992063492,480,3,0,3
s11,28,0,0,NaN,NaN,NaN,NaN,NaN,NaN,NaN,NaN,NaN
s11,29,1,1,44,2556,1,-3.52744090442,0.773015873016,300,0,2,0
s11,30,1,1,37,2517,2,-2.58150051387,0.253363715278,120,1,3,0
s12,1,1,1,57,3241,1,4.49779531214,0.068605375119,0,2,0,3
s12,2,1,1,92,3249,2,1.78672545834,-0.0347222222222,240,1,0,1
s12,3,0,0,NaN,NaN,NaN,NaN,NaN,NaN,NaN,NaN,NaN
s12,4,0,0,NaN,NaN,NaN,NaN,NaN,NaN,NaN,NaN,NaN
s12,5,0,0,NaN,NaN,NaN,NaN,NaN,NaN,NaN,NaN,NaN
s12,6,0,0,NaN,NaN,NaN,NaN,NaN,NaN,NaN,NaN,NaN
s12,7,0,0,NaN,NaN,NaN,NaN,NaN,NaN,NaN,NaN,NaN
s12,8,0,0,NaN,NaN,NaN,NaN,NaN,NaN,NaN,NaN,NaN
s12,9,0,0,NaN,NaN,NaN,NaN,NaN,NaN,NaN,NaN,NaN
s12,10,0,0,NaN,NaN,NaN,NaN,NaN,NaN,NaN,NaN,NaN
s12,11,0,0,NaN,NaN,NaN,NaN,NaN,NaN,NaN,NaN,NaN
s12,12,0,0,NaN,NaN,NaN,NaN,NaN,NaN,NaN,NaN,NaN
s12,13,0,0,NaN,NaN,NaN,NaN,NaN,NaN,NaN,NaN,NaN
s12,14,0,0,NaN,NaN,NaN,NaN,NaN,NaN,NaN,NaN,NaN
s12,15,0,0,NaN,NaN,NaN,NaN,NaN,NaN,NaN,NaN,NaN
s12,16,0,0,NaN,NaN,NaN,NaN,NaN,NaN,NaN,NaN,NaN
s12,17,0,0,NaN,NaN,NaN,NaN,NaN,NaN,NaN,NaN,NaN
s12,18,0,0,NaN,NaN,NaN,NaN,NaN,NaN,NaN,NaN,NaN
s12,19,0,0,NaN,NaN,NaN,NaN,NaN,NaN,NaN,NaN,NaN
s12,20,0,0,NaN,NaN,NaN,NaN,NaN,NaN,NaN,NaN,NaN
s12,21,0,0,NaN,NaN,NaN,NaN,NaN,NaN,NaN,NaN,NaN
s12,22,0,0,NaN,NaN,NaN,NaN,NaN,NaN,NaN,NaN,NaN
s12,23,0,0,NaN,NaN,NaN,NaN,NaN,NaN,NaN,NaN,NaN
s12,24,0,0,NaN,NaN,NaN,NaN,NaN,NaN,NaN,NaN,NaN
s12,25,0,0,NaN,NaN,NaN,NaN,NaN,NaN,NaN,NaN,NaN
s12,26,0,0,NaN,NaN,NaN,NaN,NaN,NaN,NaN,NaN,NaN
s12,27,0,0,NaN,NaN,NaN,NaN,NaN,NaN,NaN,NaN,NaN
s12,28,0,0,NaN,NaN,NaN,NaN,NaN,NaN,NaN,NaN,NaN
s12,29,0,0,NaN,NaN,NaN,NaN,NaN,NaN,NaN,NaN,NaN
s12,30,0,0,NaN,NaN,NaN,NaN,NaN,NaN,NaN,NaN,NaN
s13,1,1,1,58,3637,3,-1.2717368962,2.00218253968,240,1,1,1
s13,2,1,1,66,3309,3,-1.16258992806,0.211111111111,120,2,0,2
s13,3,1,1,72,2561,1,1.85714285714,0.98373015873,360,2,2,1
s13,4,1,1,74,2643,0,3.13052415211,-2.80912698413,720,2,0,1
s13,5,1,1,60,2657,0,4.14922918808,-2.59127914187,720,3,1,1
s13,6,1,1,73,3201,2,3.05775950668,-0.772222222222,900,2,0,1
s13,7,1,1,61,2562,1,2.73031860226,-1.93115079365,960,2,1,2
s13,8,1,1,69,2071,2,3.09414182939,0.562301587302,240,3,1,2
s13,9,1,1,65,2810,2,-2.90894141829,2.10753968254,180,1,1,1
s13,10,1,1,73,2330,3,-0.107502569373,0.211111111111,300,1,1,1
s13,11,1,1,66,2297,1,3.34881808839,-2.45793650794,780,3,1,0
s13,12,1,1,60,2074,1,2.51202466598,0.18312562004,600,2,3,0
s13,13,1,1,58,2412,2,0.03802672148,1.89682539683,360,2,1,1
s13,14,1,1,86,2293,1,2.002672148,0.140873015873,300,2,1,2
s13,15,1,1,97,3147,1,2.62117163412,0.456944444444,240,3,1,2
s13,16,1,1,92,2106,2,2.43926002055,-0.0347222222222,480,2,0,2
s13,17,0,0,NaN,NaN,NaN,NaN,NaN,NaN,NaN,NaN,NaN
s13,18,1,1,97,2459,0,3.20328879753,1.96706349206,1080,3,0,3
s13,19,1,1,99,2333,4,-4.18232271326,4.22181609623,240,0,3,0
s13,20,1,1,112,2427,3,-2.69064748201,2.00218253968,120,1,3,0
s13,21,1,1,98,3019,2,0.0016443987667,2.80992063492,420,2,2,1
s13,22,1,1,98,2361,2,-1.16258992806,1.26468253968,240,1,1,1
s13,23,1,1,102,2528,3,-2.54511819116,2.63432539683,360,1,2,0
s13,24,1,1,117,2390,2,1.63884892086,0.667658730159,120,2,1,2
s13,25,1,1,108,2181,1,2.002672148,-2.91448412698,960,2,0,1
s13,26,1,1,96,3189,1,1.60246659815,1.90395895337,600,2,1,2
s13,27,1,1,106,2248,1,2.54840698869,-0.807341269841,480,3,0,2
s13,28,1,1,95,2462,1,1.92990750257,1.01884920635,360,1,0,2
s13,29,1,1,90,3219,3,-1.0170606372,2.07242063492,480,2,1,1
s13,30,1,1,95,2304,1,2.002672148,-0.947817460317,240,2,0,2
s14,1,1,1,57,2532,1,2.03094949783,1.69949807481,420,1,2,2
s14,2,1,1,76,1923,2,1.84183346392,2.12544691969,120,1,4,0
s14,3,1,1,72,1873,3,-2.12960324809,-1.67766776678,360,0,2,0
s14,4,1,1,80,1886,3,-4.1153216041,-3.77698707371,720,0,3,0
s14,5,1,1,87,2329,3,-2.03504523114,1.76034790979,360,2,2,2
s14,6,1,1,87,1980,3,1.87335280291,2.12544691969,600,2,1,2
s14,7,1,1,90,2282,4,-3.86316689223,4.02075734994,240,0,0,0
s14,8,1,1,88,2490,4,-3.01214473965,4.65071507151,120,0,0,1
s14,9,1,1,93,1630,2,1.65271743002,0.960042961884,540,0,1,2
s14,10,0,0,NaN,NaN,NaN,NaN,NaN,NaN,NaN,NaN,NaN
s14,11,1,1,105,2446,2,2.81893297243,3.89009213421,180,2,0,3
s14,12,1,1,80,1879,2,1.62119809103,1.54737348735,420,2,1,2
s14,13,0,0,NaN,NaN,NaN,NaN,NaN,NaN,NaN,NaN,NaN
s14,14,1,1,81,2198,1,1.84183346392,1.88204757976,1140,3,0,3
s14,15,1,1,90,1628,3,-1.1209844006,2.24714658966,540,1,0,1
s14,16,1,1,81,2630,2,0.990811311347,-0.795345159516,360,1,1,2
s14,17,1,1,73,1896,3,-1.7198518413,1.0290598371,420,1,2,2
s14,18,1,1,70,1578,2,-1.87744853622,2.0950220022,240,1,2,2
s14,19,0,0,NaN,NaN,NaN,NaN,NaN,NaN,NaN,NaN,NaN
s14,20,1,1,68,2110,2,0.770175938457,3.03819444444,900,3,1,3
s14,21,0,0,NaN,NaN,NaN,NaN,NaN,NaN,NaN,NaN,NaN
s14,22,1,0,NaN,NaN,3,-3.86316689223,3.89009213421,420,0,0,0
s14,23,1,1,71,1698,4,-3.16974143458,-2.65531522081,240,0,3,1
s14,24,1,1,85,1977,1,-0.931868366693,3.09904427943,480,3,0,2
s14,25,1,1,77,2058,2,-3.07518341762,-3.19891364136,540,1,1,0
s14,26,1,1,80,2213,2,-1.1209844006,0.0869774477448,420,1,0,2
s14,27,1,1,73,1911,0,0.013711802835,-4.59845984598,900,0,2,0
s14,28,0,0,NaN,NaN,NaN,NaN,NaN,NaN,NaN,NaN,NaN
s14,29,1,1,71,2101,1,2.06246883681,-1.03874449945,600,2,0,2
s14,30,1,0,NaN,NaN,3,-1.02642638365,3.03819444444,420,1,2,1
s15,1,1,1,110,1737,2,-2.53365526757,1.49752663623,300,1,1,3
s15,2,1,1,117,1796,3,0.955060609047,-1.09550989346,300,3,0,2
s15,3,1,1,108,2019,1,3.50182319898,2.97926179604,300,3,0,3
s15,4,1,1,102,1631,0,3.36227456391,-2.40886605784,600,3,0,2
s15,5,1,1,129,1702,0,3.71114615157,4.28909910251,660,4,0,4
s15,6,1,1,120,1702,0,4.93219670839,2.60882800609,960,4,0,4
s15,7,1,1,123,1851,0,3.18783877008,-3.68854642314,1500,4,1,3
s15,8,1,1,109,1758,1,2.49009559476,2.87823439878,1440,3,1,2
s15,9,1,1,107,2329,2,2.00167537203,0.116818873668,1440,3,1,3
s15,10,1,1,125,NaN,2,1.44348083177,0.251522070015,840,2,1,2
s15,11,1,1,108,1708,1,0.955060609047,-2.30783866058,600,3,0,1
s15,12,1,1,132,2214,1,1.9319010545,-1.66665218591,1080,3,0,3
s15,13,1,1,127,1551,0,2.76919286489,2.60130110324,1440,3,0,3
s15,14,1,1,107,1472,2,2.59475707106,-0.0852359208524,1500,4,0,4
s15,15,1,1,90,2053,3,-0.126441312703,-3.28189840564,660,1,2,1
s15,16,1,1,144,2544,3,-1.83591209224,2.60882800609,360,1,0,1
s15,17,1,1,114,1846,2,0.0479944811274,2.98044160004,600,2,1,2
s15,18,1,1,135,1672,2,-0.78929732926,0.756659056317,900,2,0,2
s15,19,1,1,114,NaN,1,1.47836799054,-0.893455098935,960,3,0,3
s15,20,1,1,95,1381,0,3.01340297625,3.04661339422,1500,4,0,3
s15,21,1,1,121,1632,1,0.361978910023,2.17104261796,1320,2,0,3
s15,22,1,1,95,1726,3,-1.06839459939,3.14764079148,720,1,0,1
s15,23,1,1,110,1528,3,-2.21967083867,2.81088280061,420,1,1,2
s15,24,1,1,107,1678,1,2.97851581748,2.54147640791,840,3,0,2
s15,25,1,0,NaN,NaN,1,3.64137183404,0.414293913355,840,3,0,3
s15,26,1,1,122,1258,0,0.710850497684,-1.70167427702,900,3,1,4
s15,27,0,0,NaN,NaN,NaN,NaN,NaN,NaN,NaN,NaN,NaN
s15,28,1,1,119,1153,1,3.46693604021,-0.960806697108,1080,1,1,0
s15,29,1,1,128,1308,2,1.8272395782,-0.32096651446,720,2,0,2
s15,30,1,1,132,1479,2,-1.34749186952,2.33942161339,960,2,2,1
s16,1,1,1,47,2264,3,-3.58027003055,2.50780060883,60,0,2,0
s16,2,1,1,81,4579,1,0.850399132749,-1.70167427702,600,2,2,0
s16,3,1,1,81,3241,3,2.80408002365,-2.37519025875,120,2,1,2
s16,4,1,1,75,2681,3,-1.90568640978,-3.28443683409,60,1,4,3
s16,5,1,1,75,2344,0,2.76919286489,-4.56411719939,240,2,3,0
s16,6,1,1,67,NaN,1,1.7225781019,-3.75589802131,1440,2,1,2
s16,7,1,1,77,2594,0,2.66453138859,-1.97108066971,1440,3,0,1
s16,8,1,1,60,2686,1,3.74603331034,3.46151901199,1500,3,0,1
s16,9,1,1,72,2643,2,2.35054695969,-0.388318112633,300,3,3,3
s16,10,1,1,72,2804,3,3.32738740514,-2.71194824962,480,1,0,1
s16,11,1,1,66,2277,2,4.82753523209,0.352549467275,600,2,2,1
s16,12,1,1,85,3388,3,-4.80132058737,-2.17313546423,720,2,3,0
s16,13,1,1,82,2479,0,-2.74297822016,1.63222983257,1500,2,2,1
s16,14,1,1,77,2956,3,-3.99891593574,-4.09265601218,540,0,4,1
s16,15,1,1,88,2258,3,0.222430274958,-4.90087519026,300,2,0,1
s16,16,1,1,80,2196,3,0.0131073223613,-4.2947108067,360,3,1,3
s16,17,1,1,83,2772,3,-4.90598206366,-4.24379835898,120,1,2,1
s16,18,0,0,NaN,NaN,NaN,NaN,NaN,NaN,NaN,NaN,NaN
s16,19,1,1,89,2047,3,2.07144968956,-1.94734482206,180,3,1,0
s16,20,1,1,78,2042,2,4.54843796196,0.352549467275,300,3,0,2
s16,21,0,0,NaN,NaN,NaN,NaN,NaN,NaN,NaN,NaN,NaN
s16,22,1,0,NaN,NaN,3,-0.126441312703,-4.32838660578,120,2,0,0
s16,23,1,1,71,2006,3,-4.27801320587,4.69672754947,0,0,0,0
s16,24,1,1,78,2067,4,-4.83620774613,4.58181792888,60,1,1,1
s16,25,0,0,NaN,NaN,NaN,NaN,NaN,NaN,NaN,NaN,NaN
s16,26,0,0,NaN,NaN,NaN,NaN,NaN,NaN,NaN,NaN,NaN
s16,27,0,0,NaN,NaN,NaN,NaN,NaN,NaN,NaN,NaN,NaN
s16,28,1,1,76,1842,3,-3.58027003055,4.02321156773,120,1,0,0
s16,29,1,1,73,1786,3,-0.196215630236,1.2954718417,120,2,1,0
s16,30,0,0,NaN,NaN,NaN,NaN,NaN,NaN,NaN,NaN,NaN
s17,1,1,1,62,2315,2,-2.32433231497,1.76693302892,60,1,1,2
s17,2,1,1,60,2635,3,-1.41726618705,-1.06183409437,300,2,0,0
s17,3,0,0,NaN,NaN,NaN,NaN,NaN,NaN,NaN,NaN,NaN
s17,4,0,0,NaN,NaN,NaN,NaN,NaN,NaN,NaN,NaN,NaN
s17,5,0,0,NaN,NaN,NaN,NaN,NaN,NaN,NaN,NaN,NaN
s17,6,0,0,NaN,NaN,NaN,NaN,NaN,NaN,NaN,NaN,NaN
s17,7,1,1,87,2456,1,3.71114615157,1.87795381822,240,3,0,2
s17,8,0,0,NaN,NaN,NaN,NaN,NaN,NaN,NaN,NaN,NaN
s17,9,1,1,96,2263,0,-0.475312900365,-0.0178843226788,360,3,2,2
s17,10,0,0,NaN,NaN,NaN,NaN,NaN,NaN,NaN,NaN,NaN
s17,11,0,0,NaN,NaN,NaN,NaN,NaN,NaN,NaN,NaN,NaN
s17,12,1,1,69,2142,0,2.59475707106,2.33942161339,120,3,1,2
s17,13,1,1,79,1775,1,0.501527545087,0.397663609985,300,2,1,2
s17,14,0,0,NaN,NaN,NaN,NaN,NaN,NaN,NaN,NaN,NaN
s17,15,0,0,NaN,NaN,NaN,NaN,NaN,NaN,NaN,NaN,NaN
s17,16,0,0,NaN,NaN,NaN,NaN,NaN,NaN,NaN,NaN,NaN
s17,17,0,0,NaN,NaN,NaN,NaN,NaN,NaN,NaN,NaN,NaN
s17,18,0,0,NaN,NaN,NaN,NaN,NaN,NaN,NaN,NaN,NaN
s17,19,1,0,NaN,NaN,1,-1.03350744062,-2.81173418065,420,1,1,1
s17,20,0,0,NaN,NaN,NaN,NaN,NaN,NaN,NaN,NaN,NaN
s17,21,0,0,NaN,NaN,NaN,NaN,NaN,NaN,NaN,NaN,NaN
s17,22,0,0,NaN,NaN,NaN,NaN,NaN,NaN,NaN,NaN,NaN
s17,23,0,0,NaN,NaN,NaN,NaN,NaN,NaN,NaN,NaN,NaN
s17,24,0,0,NaN,NaN,NaN,NaN,NaN,NaN,NaN,NaN,NaN
s17,25,0,0,NaN,NaN,NaN,NaN,NaN,NaN,NaN,NaN,NaN
s17,26,0,0,NaN,NaN,NaN,NaN,NaN,NaN,NaN,NaN,NaN
s17,27,0,0,NaN,NaN,NaN,NaN,NaN,NaN,NaN,NaN,NaN
s17,28,0,0,NaN,NaN,NaN,NaN,NaN,NaN,NaN,NaN,NaN
s17,29,0,0,NaN,NaN,NaN,NaN,NaN,NaN,NaN,NaN,NaN
s17,30,0,0,NaN,NaN,NaN,NaN,NaN,NaN,NaN,NaN,NaN
s18,1,1,1,75,2686,3,0.222430274958,-4.63146879756,600,0,0,3
s18,2,1,1,83,2100,3,0.257317433724,-4.22735920852,900,3,2,1
s18,3,0,0,NaN,NaN,NaN,NaN,NaN,NaN,NaN,NaN,NaN
s18,4,0,0,NaN,NaN,NaN,NaN,NaN,NaN,NaN,NaN,NaN
s18,5,0,0,NaN,NaN,NaN,NaN,NaN,NaN,NaN,NaN,NaN
s18,6,0,0,NaN,NaN,NaN,NaN,NaN,NaN,NaN,NaN,NaN
s18,7,0,0,NaN,NaN,NaN,NaN,NaN,NaN,NaN,NaN,NaN
s18,8,0,0,NaN,NaN,NaN,NaN,NaN,NaN,NaN,NaN,NaN
s18,9,0,0,NaN,NaN,NaN,NaN,NaN,NaN,NaN,NaN,NaN
s18,10,0,0,NaN,NaN,NaN,NaN,NaN,NaN,NaN,NaN,NaN
s18,11,0,0,NaN,NaN,NaN,NaN,NaN,NaN,NaN,NaN,NaN
s18,12,0,0,NaN,NaN,NaN,NaN,NaN,NaN,NaN,NaN,NaN
s18,13,0,0,NaN,NaN,NaN,NaN,NaN,NaN,NaN,NaN,NaN
s18,14,0,0,NaN,NaN,NaN,NaN,NaN,NaN,NaN,NaN,NaN
s18,15,0,0,NaN,NaN,NaN,NaN,NaN,NaN,NaN,NaN,NaN
s18,16,0,0,NaN,NaN,NaN,NaN,NaN,NaN,NaN,NaN,NaN
s18,17,0,0,NaN,NaN,NaN,NaN,NaN,NaN,NaN,NaN,NaN
s18,18,0,0,NaN,NaN,NaN,NaN,NaN,NaN,NaN,NaN,NaN
s18,19,0,0,NaN,NaN,NaN,NaN,NaN,NaN,NaN,NaN,NaN
s18,20,0,0,NaN,NaN,NaN,NaN,NaN,NaN,NaN,NaN,NaN
s18,21,0,0,NaN,NaN,NaN,NaN,NaN,NaN,NaN,NaN,NaN
s18,22,0,0,NaN,NaN,NaN,NaN,NaN,NaN,NaN,NaN,NaN
s18,23,0,0,NaN,NaN,NaN,NaN,NaN,NaN,NaN,NaN,NaN
s18,24,0,0,NaN,NaN,NaN,NaN,NaN,NaN,NaN,NaN,NaN
s18,25,0,0,NaN,NaN,NaN,NaN,NaN,NaN,NaN,NaN,NaN
s18,26,0,0,NaN,NaN,NaN,NaN,NaN,NaN,NaN,NaN,NaN
s18,27,0,0,NaN,NaN,NaN,NaN,NaN,NaN,NaN,NaN,NaN
s18,28,0,0,NaN,NaN,NaN,NaN,NaN,NaN,NaN,NaN,NaN
s18,29,0,0,NaN,NaN,NaN,NaN,NaN,NaN,NaN,NaN,NaN
s18,30,0,0,NaN,NaN,NaN,NaN,NaN,NaN,NaN,NaN,NaN
s19,1,1,1,99,2120,1,-0.805791010756,2.48487282639,1020,0,1,0
s19,2,1,1,104,2149,1,1.58967875205,2.74002133948,1320,3,1,2
s19,3,1,1,122,1745,0,2.0939881758,3.34244361936,600,2,0,2
s19,4,1,1,85,2164,2,1.684236769,1.64224151469,1500,2,2,2
s19,5,1,1,85,2395,1,0.675617921504,-0.430246149615,720,2,1,1
s19,6,1,1,89,1682,1,2.31462354869,1.66907315732,840,3,0,3
s19,7,1,1,90,1591,1,0.581059904552,4.07264163916,540,2,2,2
s19,8,0,0,NaN,NaN,NaN,NaN,NaN,NaN,NaN,NaN,NaN
s19,9,1,1,105,1332,0,1.99943015884,2.12544691969,1500,0,0,0
s19,10,1,1,84,2249,1,1.96791081986,0.969300055006,420,2,1,2
s19,11,1,1,46,1888,0,1.99943015884,3.03819444444,720,3,1,2
s19,12,1,1,71,1516,1,1.52664007408,3.58644462392,960,3,1,3
s19,13,1,1,82,1523,0,1.30600470119,3.89009213421,1080,4,0,4
s19,14,1,1,77,2372,3,1.05384998932,0.938875137514,1140,3,0,2
s19,15,1,1,118,1552,2,4.99376736235,-1.09357211718,900,2,2,2
s19,16,1,1,92,1499,1,2.59829759954,-0.0579605899891,780,2,1,2
s19,17,1,1,78,1363,1,1.96791081986,0.128798710369,1080,2,1,2
s19,18,1,1,94,1800,1,-0.0808462141178,3.09904427943,1080,2,1,2
s19,19,1,1,76,1542,1,3.13412636228,0.421651540154,960,3,2,2
s19,20,1,1,87,1511,0,1.58967875205,0.282240831944,780,1,0,1
s19,21,1,1,75,1255,1,1.33752404017,1.76034790979,480,2,1,2
s19,22,1,1,104,1481,1,0.770175938457,-1.16044416942,600,2,1,2
s19,23,0,1,82,1609,NaN,NaN,NaN,NaN,NaN,NaN,NaN
s19,24,1,1,101,1518,1,0.297385853693,-3.84644776943,1380,1,1,1
s19,25,0,0,NaN,NaN,NaN,NaN,NaN,NaN,NaN,NaN,NaN
s19,26,0,0,NaN,NaN,NaN,NaN,NaN,NaN,NaN,NaN,NaN
s19,27,1,1,95,1478,3,1.33752404017,-3.35103822882,1500,1,1,1
s19,28,1,1,94,1646,1,2.62981693853,-0.399821232123,1440,1,1,1
s19,29,1,1,87,1407,2,2.78741363345,1.24312431243,1500,2,2,2
s19,30,1,1,103,1387,1,2.31462354869,0.118930667672,1500,3,1,1
s21,1,1,1,89,3166,1,-2.8127525377,0.891362252664,420,0,1,1
s21,2,1,1,87,NaN,3,-2.01034788607,0.900892150275,660,1,1,1
s21,3,1,1,90,2997,2,0.885286291515,-0.927130898021,480,3,0,3
s21,4,1,0,NaN,NaN,2,2.10633684833,-2.2404870624,600,2,0,2
s21,5,1,1,83,2362,1,-0.056666995171,1.84589973577,360,3,2,2
s21,6,0,0,NaN,NaN,NaN,NaN,NaN,NaN,NaN,NaN,NaN
s21,7,1,1,62,2051,1,1.9319010545,3.8077478075,1440,4,0,4
s21,8,1,1,111,1672,2,0.222430274958,-0.994482496195,960,2,0,1
s21,9,1,1,87,1549,3,-1.24283039322,3.04661339422,360,1,0,1
s21,10,0,0,NaN,NaN,NaN,NaN,NaN,NaN,NaN,NaN,NaN
s21,11,1,1,84,1704,1,-0.0217798364048,-2.71194824962,180,2,0,2
s21,12,1,0,NaN,NaN,2,0.780624815216,2.70169954576,480,3,1,3
s21,13,1,1,52,3924,1,0.152655957426,-2.84665144597,660,3,0,3
s21,14,1,1,78,2260,0,1.23415787918,2.97926179604,1440,3,0,3
s21,15,1,1,81,2252,1,0.222430274958,-1.87005327245,780,2,0,0
s21,16,0,0,NaN,NaN,NaN,NaN,NaN,NaN,NaN,NaN,NaN
s21,17,0,0,NaN,NaN,NaN,NaN,NaN,NaN,NaN,NaN,NaN
s21,18,1,1,88,1630,3,0.257317433724,2.8445585997,780,3,0,3
s21,19,0,0,NaN,NaN,NaN,NaN,NaN,NaN,NaN,NaN,NaN
s21,20,1,1,45,1498,1,-0.196215630236,0.116818873668,540,2,0,2
s21,21,0,0,NaN,NaN,NaN,NaN,NaN,NaN,NaN,NaN,NaN
s21,22,1,0,NaN,NaN,1,0.187543116192,-2.11765127603,1020,1,0,1
s21,23,1,1,89,1569,4,-1.97546072731,0.857686453577,300,0,0,1
s21,24,0,0,NaN,NaN,NaN,NaN,NaN,NaN,NaN,NaN,NaN
s21,25,1,1,88,1369,3,-1.62658913965,3.06572457463,480,1,0,4
s21,26,1,1,66,1987,2,0.152655957426,-2.44254185693,780,1,0,1
s21,27,0,0,NaN,NaN,NaN,NaN,NaN,NaN,NaN,NaN,NaN
s21,28,1,1,107,1459,1,1.19927072041,-2.98135464231,900,2,0,1
s21,29,1,1,95,1624,1,-0.300877106534,-2.0047564688,1020,2,0,0
s21,30,1,0,NaN,NaN,2,0.0828816398936,1.28752563569,480,2,0,1
s22,1,1,1,75,2757,3,NaN,305.0,300,1,2,0
s22,2,1,1,74,2407,2,2.66133627751,-1.5863930143,720,NaN,1,4
s22,3,1,1,59,2329,3,-1.97200655317,-3.78654035667,480,2,3,1
s22,4,1,1,70,2040,1,2.81893297243,2.91649477448,480,3,1,3
s22,5,1,1,66,2411,1,3.85907115891,-1.36999801703,180,3,3,3
s22,6,0,0,NaN,NaN,NaN,NaN,NaN,NaN,NaN,NaN,NaN
s22,7,1,1,80,2625,3,-1.49921646841,-3.65528740374,300,1,3,1
s22,8,1,1,77,2526,3,-2.75999002778,-4.41591034103,180,1,1,0
s22,9,0,0,NaN,NaN,NaN,NaN,NaN,NaN,NaN,NaN,NaN
s22,10,1,1,73,2085,4,-4.58811168887,-4.38548542354,0,0,4,0
s22,11,1,1,60,1651,3,-1.46769712943,-4.72015951595,0,2,2,1
s22,12,0,0,NaN,NaN,NaN,NaN,NaN,NaN,NaN,NaN,NaN
s22,13,1,1,25,2171,2,0.202827836741,-2.04276677668,600,3,3,3
s22,14,1,1,78,1794,2,-3.73708953629,-1.34299367437,660,1,2,1
s22,15,1,1,82,2166,3,-2.03504523114,-4.56803492849,360,0,3,1
s22,16,1,1,74,1894,4,-4.93482441769,-1.82979235424,180,1,NaN,0
s22,17,1,1,73,1511,1,2.53525892158,-1.37341859186,240,1,2,2
s22,18,1,1,95,2068,1,-0.143884892086,0.067644329092,960,1,3,1
s22,19,0,0,NaN,NaN,NaN,NaN,NaN,NaN,NaN,NaN,NaN
s22,20,1,1,46,2817,1,0.0767504808035,1.76034790979,180,3,1,3
s22,21,1,1,51,NaN,4,-3.10670275661,-1.73851760176,360,2,NaN,1
s22,22,0,0,NaN,NaN,NaN,NaN,NaN,NaN,NaN,NaN,NaN
s22,23,1,1,68,2624,3,-3.64253151934,0.0796516238004,360,2,2,3
s22,24,0,0,NaN,NaN,NaN,NaN,NaN,NaN,NaN,NaN,NaN
s22,25,0,0,NaN,NaN,NaN,NaN,NaN,NaN,NaN,NaN,NaN
s22,26,1,1,70,2642,1,-1.37313911247,-3.26533351663,360,2,1,1
s22,27,1,1,52,2171,0,2.6928556165,-1.73480455107,240,3,1,2
s22,28,0,0,NaN,NaN,NaN,NaN,NaN,NaN,NaN,NaN,NaN
s22,29,1,1,74,2588,3,-0.931868366693,-3.59443756876,120,1,0,1
s22,30,1,0,NaN,NaN,3,3.4808390911,-3.38146314631,480,3,2,2
s23,1,1,1,88,2313,4,-3.41829393628,2.17777777778,60,0,0,0
s23,2,1,1,82,2289,1,4.44028776978,-1.36924603175,300,4,0,2
s23,3,1,1,93,2088,0,4.54943473792,-2.98472222222,120,4,0,4
s23,4,1,1,88,2321,0,0.547379239466,-1.15853174603,0,4,0,4
s23,5,1,1,77,2600,0,1.89352517986,-4.38948412698,60,4,0,4
s23,6,1,1,86,2282,4,-0.253031860226,-1.89603174603,60,2,0,4
s23,7,1,1,77,2423,0,-0.143884892086,-4.91626984127,60,4,0,4
s23,8,1,1,82,2034,1,4.62219938335,-3.40615079365,60,4,0,4
s23,9,1,1,97,2210,0,3.34881808839,-4.17876984127,360,4,0,2
s23,10,1,1,80,2158,1,4.07646454265,-4.10853174603,480,4,0,2
s23,11,1,1,86,2386,0,0.25632065776,-4.28412698413,180,3,0,3
s23,12,1,1,89,2350,1,3.67625899281,-4.21388888889,60,4,0,3
s23,13,1,1,88,2168,1,-0.398561151079,-4.56507936508,120,3,0,4
s23,14,1,1,91,2380,3,-3.52744090442,4.4253968254,60,2,0,4
s23,15,1,1,85,2222,3,-0.726002055498,-4.49484126984,0,2,0,1
s23,16,1,1,96,1979,1,4.58581706064,-4.35436507937,120,3,0,1
s23,17,1,1,78,1909,0,4.51305241521,3.02063492063,480,4,0,4
s23,18,0,0,NaN,NaN,NaN,NaN,NaN,NaN,NaN,NaN,NaN
s23,19,1,1,94,2149,2,0.183556012333,-4.74067460317,120,2,0,2
s23,20,1,1,90,1937,4,-4.50976361768,4.2498015873,0,1,0,0
s23,21,1,1,83,2291,0,2.8394655704,-4.45972222222,180,4,0,4
s23,22,0,0,NaN,NaN,NaN,NaN,NaN,NaN,NaN,NaN,NaN
s23,23,0,0,NaN,NaN,NaN,NaN,NaN,NaN,NaN,NaN,NaN
s23,24,0,0,NaN,NaN,NaN,NaN,NaN,NaN,NaN,NaN,NaN
s23,25,1,1,77,2518,1,2.22096608428,-4.24900793651,120,4,1,4
s23,26,1,1,93,1584,2,-0.362178828366,-4.38948412698,60,1,0,4
s23,27,1,1,89,2172,0,4.25837615622,-4.74067460317,120,4,0,3
s23,28,0,0,NaN,NaN,NaN,NaN,NaN,NaN,NaN,NaN,NaN
s23,29,1,1,86,2309,1,-0.471325796506,-4.49484126984,60,2,0,2
s23,30,0,0,NaN,NaN,NaN,NaN,NaN,NaN,NaN,NaN,NaN
s24,1,1,1,41,2048,0,2.80408002365,-3.08238203957,1440,2,1,1
s24,2,0,0,NaN,NaN,NaN,NaN,NaN,NaN,NaN,NaN,NaN
s24,3,1,1,55,1915,2,2.31565980093,2.91191019787,960,3,1,2
s24,4,1,1,41,2411,2,0.152655957426,0.386225266362,720,2,1,1
s24,5,1,1,58,2268,3,-1.87079925101,3.0802891933,1500,2,1,2
s24,6,1,1,48,1776,2,1.68769094314,1.32742623688,780,3,1,3
s24,7,0,0,NaN,NaN,NaN,NaN,NaN,NaN,NaN,NaN,NaN
s24,8,0,0,NaN,NaN,NaN,NaN,NaN,NaN,NaN,NaN,NaN
s24,9,0,0,NaN,NaN,NaN,NaN,NaN,NaN,NaN,NaN,NaN
s24,10,1,1,52,1870,2,1.05972208535,1.1567277139,540,3,1,3
s24,11,1,1,18,1838,2,-0.161328471469,2.08073108853,420,2,1,2
s24,12,0,0,NaN,NaN,NaN,NaN,NaN,NaN,NaN,NaN,NaN
s24,13,1,1,49,1974,3,-1.69636345718,-1.26388888889,540,1,2,1
s24,14,1,1,56,1563,2,1.6179166256,-0.0852359208524,1020,3,1,2
s24,15,1,1,58,1697,0,2.10633684833,2.40677321157,360,3,1,2
s24,16,1,1,30,1497,2,0.152655957426,-0.859779299848,420,3,2,2
s24,17,1,1,56,1549,2,-1.38237902828,-1.19653729072,240,2,1,2
s24,18,1,1,57,1695,2,0.536414703853,-0.287290715373,600,2,2,2
s24,19,1,1,65,1426,2,-0.056666995171,0.278116989716,720,2,2,2
s24,20,1,1,46,1986,2,-0.300877106534,0.217846270928,1080,2,2,2
s24,21,1,1,65,1661,1,-0.196215630236,-0.0909612588868,1140,2,1,1
s24,22,1,1,51,1985,1,0.11776879866,-2.47621765601,1260,3,0,2
s24,23,1,1,58,1547,1,0.536414703853,2.13736681887,1440,2,3,3
s24,24,0,0,NaN,NaN,NaN,NaN,NaN,NaN,NaN,NaN,NaN
s24,25,1,1,60,1674,2,-0.0217798364048,0.606910275905,720,2,2,2
s24,26,0,0,NaN,NaN,NaN,NaN,NaN,NaN,NaN,NaN,NaN
s24,27,1,1,51,1473,3,-3.19651128412,3.0802891933,240,1,2,1
s24,28,1,1,56,1686,2,0.885286291515,2.40677321157,960,2,2,3
s24,29,0,0,NaN,NaN,NaN,NaN,NaN,NaN,NaN,NaN,NaN
s24,30,1,1,50,1607,3,2.24588548339,2.10712560599,1200,3,1,3
s25,1,1,1,49,2265,2,1.7225781019,1.36282343988,240,3,0,1
s25,2,1,1,41,2488,1,-0.754410170494,-0.62404870624,480,1,0,2
s25,3,1,1,23,NaN,3,-3.58027003055,3.61910197869,180,1,2,1
s25,4,1,1,63,2288,3,1.68769094314,2.96736715192,300,2,0,3
s25,5,1,1,40,NaN,3,-0.370651424066,3.42662538386,420,1,2,1
s25,6,0,0,NaN,NaN,NaN,NaN,NaN,NaN,NaN,NaN,NaN
s25,7,1,1,33,2275,4,2.42032127722,1.69958143075,360,1,1,2
s25,8,1,1,35,2692,3,2.00167537203,2.01232609393,600,1,1,0
s25,9,0,0,NaN,NaN,NaN,NaN,NaN,NaN,NaN,NaN,NaN
s25,10,0,0,NaN,NaN,NaN,NaN,NaN,NaN,NaN,NaN,NaN
s25,11,1,1,28,2019,3,-3.26628560166,0.10560456948,420,1,2,0
s25,12,1,1,28,1753,3,-3.16162412536,3.45072298326,420,1,2,1
s25,13,1,1,41,3225,3,-2.67320390263,-2.27416286149,240,1,1,0
s25,14,1,1,51,2746,1,-0.056666995171,-2.88032724505,600,0,1,0
s25,15,0,0,NaN,NaN,NaN,NaN,NaN,NaN,NaN,NaN,NaN
s25,16,1,1,29,2203,0,1.6179166256,-0.152587519026,720,2,1,3
s25,17,0,0,NaN,NaN,NaN,NaN,NaN,NaN,NaN,NaN,NaN
s25,18,0,0,NaN,NaN,NaN,NaN,NaN,NaN,NaN,NaN,NaN
s25,19,1,1,49,1652,3,-4.34778752341,-3.48649162861,300,0,1,1
s25,20,0,0,NaN,NaN,NaN,NaN,NaN,NaN,NaN,NaN,NaN
s25,21,0,0,NaN,NaN,NaN,NaN,NaN,NaN,NaN,NaN,NaN
s25,22,0,0,NaN,NaN,NaN,NaN,NaN,NaN,NaN,NaN,NaN
s25,23,0,0,NaN,NaN,NaN,NaN,NaN,NaN,NaN,NaN,NaN
s25,24,0,0,NaN,NaN,NaN,NaN,NaN,NaN,NaN,NaN,NaN
s25,25,0,0,NaN,NaN,NaN,NaN,NaN,NaN,NaN,NaN,NaN
s25,26,0,0,NaN,NaN,NaN,NaN,NaN,NaN,NaN,NaN,NaN
s25,27,0,0,NaN,NaN,NaN,NaN,NaN,NaN,NaN,NaN,NaN
s25,28,0,0,NaN,NaN,NaN,NaN,NaN,NaN,NaN,NaN,NaN
s25,29,0,0,NaN,NaN,NaN,NaN,NaN,NaN,NaN,NaN,NaN
s25,30,0,0,NaN,NaN,NaN,NaN,NaN,NaN,NaN,NaN,NaN
s26,1,1,1,61,4059,3,-0.545087217897,1.12709284627,1500,0,3,0
s26,2,0,0,NaN,NaN,NaN,NaN,NaN,NaN,NaN,NaN,NaN
s26,3,0,0,NaN,NaN,NaN,NaN,NaN,NaN,NaN,NaN,NaN
s26,4,0,0,NaN,NaN,NaN,NaN,NaN,NaN,NaN,NaN,NaN
s26,5,0,0,NaN,NaN,NaN,NaN,NaN,NaN,NaN,NaN,NaN
s26,6,0,0,NaN,NaN,NaN,NaN,NaN,NaN,NaN,NaN,NaN
s26,7,0,0,NaN,NaN,NaN,NaN,NaN,NaN,NaN,NaN,NaN
s26,8,0,0,NaN,NaN,NaN,NaN,NaN,NaN,NaN,NaN,NaN
s26,9,0,0,NaN,NaN,NaN,NaN,NaN,NaN,NaN,NaN,NaN
s26,10,0,0,NaN,NaN,NaN,NaN,NaN,NaN,NaN,NaN,NaN
s26,11,0,0,NaN,NaN,NaN,NaN,NaN,NaN,NaN,NaN,NaN
s26,12,0,0,NaN,NaN,NaN,NaN,NaN,NaN,NaN,NaN,NaN
s26,13,0,0,NaN,NaN,NaN,NaN,NaN,NaN,NaN,NaN,NaN
s26,14,0,0,NaN,NaN,NaN,NaN,NaN,NaN,NaN,NaN,NaN
s26,15,0,0,NaN,NaN,NaN,NaN,NaN,NaN,NaN,NaN,NaN
s26,16,0,0,NaN,NaN,NaN,NaN,NaN,NaN,NaN,NaN,NaN
s26,17,0,0,NaN,NaN,NaN,NaN,NaN,NaN,NaN,NaN,NaN
s26,18,0,0,NaN,NaN,NaN,NaN,NaN,NaN,NaN,NaN,NaN
s26,19,0,0,NaN,NaN,NaN,NaN,NaN,NaN,NaN,NaN,NaN
s26,20,0,0,NaN,NaN,NaN,NaN,NaN,NaN,NaN,NaN,NaN
s26,21,0,0,NaN,NaN,NaN,NaN,NaN,NaN,NaN,NaN,NaN
s26,22,0,0,NaN,NaN,NaN,NaN,NaN,NaN,NaN,NaN,NaN
s26,23,0,0,NaN,NaN,NaN,NaN,NaN,NaN,NaN,NaN,NaN
s26,24,0,0,NaN,NaN,NaN,NaN,NaN,NaN,NaN,NaN,NaN
s26,25,0,0,NaN,NaN,NaN,NaN,NaN,NaN,NaN,NaN,NaN
s26,26,0,0,NaN,NaN,NaN,NaN,NaN,NaN,NaN,NaN,NaN
s26,27,0,0,NaN,NaN,NaN,NaN,NaN,NaN,NaN,NaN,NaN
s26,28,0,0,NaN,NaN,NaN,NaN,NaN,NaN,NaN,NaN,NaN
s26,29,0,0,NaN,NaN,NaN,NaN,NaN,NaN,NaN,NaN,NaN
s26,30,0,0,NaN,NaN,NaN,NaN,NaN,NaN,NaN,NaN,NaN
s27,1,1,0,NaN,NaN,0,-1.24283039322,3.28234398782,1500,0,NaN,NaN
s27,2,0,0,NaN,NaN,NaN,NaN,NaN,NaN,NaN,NaN,NaN
s27,3,0,0,NaN,NaN,NaN,NaN,NaN,NaN,NaN,NaN,NaN
s27,4,0,0,NaN,NaN,NaN,NaN,NaN,NaN,NaN,NaN,NaN
s27,5,0,0,NaN,NaN,NaN,NaN,NaN,NaN,NaN,NaN,NaN
s27,6,0,0,NaN,NaN,NaN,NaN,NaN,NaN,NaN,NaN,NaN
s27,7,0,0,NaN,NaN,NaN,NaN,NaN,NaN,NaN,NaN,NaN
s27,8,0,0,NaN,NaN,NaN,NaN,NaN,NaN,NaN,NaN,NaN
s27,9,0,0,NaN,NaN,NaN,NaN,NaN,NaN,NaN,NaN,NaN
s27,10,0,0,NaN,NaN,NaN,NaN,NaN,NaN,NaN,NaN,NaN
s27,11,0,0,NaN,NaN,NaN,NaN,NaN,NaN,NaN,NaN,NaN
s27,12,0,0,NaN,NaN,NaN,NaN,NaN,NaN,NaN,NaN,NaN
s27,13,0,0,NaN,NaN,NaN,NaN,NaN,NaN,NaN,NaN,NaN
s27,14,0,0,NaN,NaN,NaN,NaN,NaN,NaN,NaN,NaN,NaN
s27,15,0,0,NaN,NaN,NaN,NaN,NaN,NaN,NaN,NaN,NaN
s27,16,0,0,NaN,NaN,NaN,NaN,NaN,NaN,NaN,NaN,NaN
s27,17,0,0,NaN,NaN,NaN,NaN,NaN,NaN,NaN,NaN,NaN
s27,18,0,0,NaN,NaN,NaN,NaN,NaN,NaN,NaN,NaN,NaN
s27,19,0,0,NaN,NaN,NaN,NaN,NaN,NaN,NaN,NaN,NaN
s27,20,0,0,NaN,NaN,NaN,NaN,NaN,NaN,NaN,NaN,NaN
s27,21,0,0,NaN,NaN,NaN,NaN,NaN,NaN,NaN,NaN,NaN
s27,22,0,0,NaN,NaN,NaN,NaN,NaN,NaN,NaN,NaN,NaN
s27,23,0,0,NaN,NaN,NaN,NaN,NaN,NaN,NaN,NaN,NaN
s27,24,0,0,NaN,NaN,NaN,NaN,NaN,NaN,NaN,NaN,NaN
s27,25,0,0,NaN,NaN,NaN,NaN,NaN,NaN,NaN,NaN,NaN
s27,26,0,0,NaN,NaN,NaN,NaN,NaN,NaN,NaN,NaN,NaN
s27,27,0,0,NaN,NaN,NaN,NaN,NaN,NaN,NaN,NaN,NaN
s27,28,0,0,NaN,NaN,NaN,NaN,NaN,NaN,NaN,NaN,NaN
s27,29,0,0,NaN,NaN,NaN,NaN,NaN,NaN,NaN,NaN,NaN
s27,30,0,0,NaN,NaN,NaN,NaN,NaN,NaN,NaN,NaN,NaN
s28,1,1,1,72,2005,3,-3.37094707795,3.51807458143,300,0,0,4
s28,2,1,1,111,1304,2,-2.11500936237,-2.5592725687,300,2,0,1
s28,3,1,1,119,1259,2,2.76919286489,0.116818873668,300,3,1,1
s28,4,1,1,100,1607,1,2.45520843599,-2.2404870624,840,2,1,1
s28,5,1,0,NaN,NaN,0,0.152655957426,2.27822904427,300,2,0,1
s28,6,0,0,NaN,NaN,NaN,NaN,NaN,NaN,NaN,NaN,NaN
s28,7,1,1,60,1337,2,0.222430274958,0.520928462709,480,2,4,2
s28,8,0,1,109,1463,NaN,NaN,NaN,NaN,NaN,NaN,NaN
s28,9,1,1,149,2216,1,3.53671035774,0.285197869102,180,1,1,2
s28,10,0,0,NaN,NaN,NaN,NaN,NaN,NaN,NaN,NaN,NaN
s28,11,1,1,131,1842,1,0.780624815216,1.26179604262,600,4,0,1
s28,12,1,1,130,1537,3,1.12949640288,0.571586039876,300,2,0,1
s28,13,1,1,125,965,2,0.536414703853,0.184170471842,360,3,1,2
s28,14,0,0,NaN,NaN,NaN,NaN,NaN,NaN,NaN,NaN,NaN
s28,15,1,1,123,1256,2,0.780624815216,0.595007410151,360,2,2,2
s28,16,1,1,83,1381,1,1.9319010545,0.891362252664,360,1,1,1
s28,17,1,1,94,1198,1,1.6179166256,1.01359529074,360,1,1,1
s28,18,1,1,87,1210,2,1.79235241943,-0.0449602077722,480,1,0,1
s28,19,1,1,102,1208,1,1.05972208535,-1.53310721178,360,2,3,3
s28,20,0,0,NaN,NaN,NaN,NaN,NaN,NaN,NaN,NaN,NaN
s28,21,1,1,128,1393,1,2.90874149995,-1.63432267884,600,1,0,1
s28,22,1,1,136,1777,1,1.40859367301,0.318873668189,360,1,2,2
s28,23,0,0,NaN,NaN,NaN,NaN,NaN,NaN,NaN,NaN,NaN
s28,24,1,1,94,2188,0,1.09460924411,-0.357981323289,360,1,2,3
s28,25,1,1,102,1290,2,1.68769094314,0.992389649924,300,1,2,2
s28,26,0,0,NaN,NaN,NaN,NaN,NaN,NaN,NaN,NaN,NaN
s28,27,0,0,NaN,NaN,NaN,NaN,NaN,NaN,NaN,NaN,NaN
s28,28,1,1,130,1504,2,1.12949640288,-1.34694482928,300,1,1,2
s28,29,1,1,121,1439,1,2.73430570612,1.62210283904,660,1,2,3
s28,30,1,1,129,1555,1,2.0365625308,0.62195585997,360,2,1,2
s29,1,1,1,43,1852,3,-0.859071646792,2.55554772875,1500,0,2,1
s29,2,1,1,72,2099,3,0.675963338918,-1.33124048706,180,3,1,2
s29,3,0,0,NaN,NaN,NaN,NaN,NaN,NaN,NaN,NaN,NaN
s29,4,1,1,77,2253,4,-2.14989652114,3.52575563985,180,1,0,1
s29,5,1,1,74,1766,3,-0.78929732926,0.905550731734,180,2,2,2
s29,6,1,1,86,2106,2,-0.126441312703,3.65277777778,120,3,1,3
s29,7,1,1,70,1900,2,1.58302946684,4.06946440628,360,3,1,2
s29,8,1,1,62,1648,1,2.90874149995,3.31068394863,780,3,0,4
s29,9,0,0,NaN,NaN,NaN,NaN,NaN,NaN,NaN,NaN,NaN
s29,10,0,0,NaN,NaN,NaN,NaN,NaN,NaN,NaN,NaN,NaN
s29,11,0,0,NaN,NaN,NaN,NaN,NaN,NaN,NaN,NaN,NaN
s29,12,0,0,NaN,NaN,NaN,NaN,NaN,NaN,NaN,NaN,NaN
s29,13,0,0,NaN,NaN,NaN,NaN,NaN,NaN,NaN,NaN,NaN
s29,14,0,0,NaN,NaN,NaN,NaN,NaN,NaN,NaN,NaN,NaN
s29,15,0,0,NaN,NaN,NaN,NaN,NaN,NaN,NaN,NaN,NaN
s29,16,0,0,NaN,NaN,NaN,NaN,NaN,NaN,NaN,NaN,NaN
s29,17,1,1,NaN,NaN,NaN,NaN,NaN,NaN,NaN,NaN,NaN
s29,18,1,1,NaN,NaN,NaN,NaN,NaN,NaN,NaN,NaN,NaN
s29,19,0,0,NaN,NaN,NaN,NaN,NaN,NaN,NaN,NaN,NaN
s29,20,0,0,NaN,NaN,NaN,NaN,NaN,NaN,NaN,NaN,NaN
s29,21,0,0,NaN,NaN,NaN,NaN,NaN,NaN,NaN,NaN,NaN
s29,22,0,0,NaN,NaN,NaN,NaN,NaN,NaN,NaN,NaN,NaN
s29,23,0,0,NaN,NaN,NaN,NaN,NaN,NaN,NaN,NaN,NaN
s29,24,0,0,NaN,NaN,NaN,NaN,NaN,NaN,NaN,NaN,NaN
s29,25,0,0,NaN,NaN,NaN,NaN,NaN,NaN,NaN,NaN,NaN
s29,26,0,0,NaN,NaN,NaN,NaN,NaN,NaN,NaN,NaN,NaN
s29,27,0,0,NaN,NaN,NaN,NaN,NaN,NaN,NaN,NaN,NaN
s29,28,0,0,NaN,NaN,NaN,NaN,NaN,NaN,NaN,NaN,NaN
s29,29,0,0,NaN,NaN,NaN,NaN,NaN,NaN,NaN,NaN,NaN
s29,30,0,0,NaN,NaN,NaN,NaN,NaN,NaN,NaN,NaN,NaN
s30,1,1,1,65,2302,3,-2.86803393106,3.57949024409,180,1,0,4
s30,2,1,1,96,2508,1,2.58026414689,3.45097429519,60,2,0,3
s30,3,1,1,97,2309,1,3.974014818,4.00134742952,0,2,0,3
s30,4,0,0,NaN,NaN,NaN,NaN,NaN,NaN,NaN,NaN,NaN
s30,5,1,1,103,2441,1,3.15043487598,3.11463515755,0,2,0,2
s30,6,1,1,91,1859,1,2.86534951144,3.48155058043,1500,2,0,2
s30,7,0,0,NaN,NaN,NaN,NaN,NaN,NaN,NaN,NaN,NaN
s30,8,1,1,103,1335,0,2.92870181467,3.57949024409,240,3,0,3
s30,9,1,1,101,1542,1,3.46719639214,2.9311774461,0,2,0,2
s30,10,1,1,91,1500,1,3.30881563406,3.51212686567,180,2,1,2
s30,11,1,1,101,1441,1,2.86534951144,3.29809286899,240,2,1,2
s30,12,1,1,81,1478,1,3.91066251476,3.35924543947,300,3,1,3
s30,13,1,1,73,1315,0,3.27713948244,4.18480514096,720,3,0,3
s30,14,0,0,NaN,NaN,NaN,NaN,NaN,NaN,NaN,NaN,NaN
s30,15,1,1,95,2107,1,3.08708257275,3.21257482121,120,2,0,2
s30,16,1,1,124,1549,2,2.9920541179,3.20636401327,0,1,1,2
s30,17,1,1,92,1237,2,2.64361645012,3.72616086235,0,2,1,3
s30,18,1,1,96,1611,1,3.05540642113,3.81788971808,0,1,1,3
s30,19,1,1,92,1916,1,3.11875872436,3.45097429519,0,2,1,2
s30,20,1,1,92,1476,1,2.83367335982,3.69558457711,0,2,0,2
s30,21,1,1,70,1780,0,4.03736712123,4.00134742952,240,3,0,2
s30,22,1,1,93,1461,1,3.49887254376,4.25216851938,60,2,1,2
s30,23,1,1,74,1520,2,3.49887254376,4.39883913765,0,3,0,3
s30,24,1,1,71,1948,1,3.974014818,4.2153814262,0,2,0,2
s30,25,1,1,80,1566,1,3.30881563406,3.57327943615,0,1,1,2
s30,26,1,1,70,1735,0,4.06904327284,3.51212686567,60,0,0,0
s30,27,1,1,70,1345,2,3.56222484699,3.20636401327,0,2,0,2
s30,28,0,0,NaN,NaN,NaN,NaN,NaN,NaN,NaN,NaN,NaN
s30,29,1,1,75,1192,1,3.1821110276,4.22159223414,60,2,0,2
s30,30,1,1,82,1220,1,3.5939009986,4.03192371476,0,1,0,2
s31,1,1,1,77,1883,0,3.03956834532,-2.3470159516,600,1,0,1
s31,2,0,0,NaN,NaN,NaN,NaN,NaN,NaN,NaN,NaN,NaN
s31,3,1,1,56,NaN,2,0.675617921504,3.9509419692,60,3,0,3
s31,4,0,0,NaN,NaN,NaN,NaN,NaN,NaN,NaN,NaN,NaN
s31,5,1,1,77,2016,3,-0.143884892086,4.3160409791,180,2,0,1
s31,6,1,1,87,2157,3,-0.774271671771,0.847600385039,360,2,1,1
s31,7,1,1,87,2205,0,2.2831042097,-1.16044416942,240,2,1,1
s31,8,1,1,75,1873,1,1.11688866728,2.94691969197,240,3,0,3
s31,9,1,1,87,2435,0,1.21144668424,-2.55999037404,420,3,1,2
s31,10,1,1,76,2119,2,0.801695277441,-3.13806380638,180,1,2,0
s31,11,0,0,NaN,NaN,NaN,NaN,NaN,NaN,NaN,NaN,NaN
s31,12,1,0,NaN,NaN,3,-1.49921646841,2.91649477448,0,1,0,0
s31,13,0,0,NaN,NaN,NaN,NaN,NaN,NaN,NaN,NaN,NaN
s31,14,0,1,86,2002,NaN,NaN,NaN,NaN,NaN,NaN,NaN
s31,15,1,1,91,2076,1,1.40056271814,-0.977894664466,300,2,1,2
s31,16,0,1,81,1630,NaN,NaN,NaN,NaN,NaN,NaN,NaN
s31,17,1,1,95,2421,0,4.45793859962,1.97332233223,240,2,1,1
s31,18,0,0,NaN,NaN,NaN,NaN,NaN,NaN,NaN,NaN,NaN
s31,19,0,0,NaN,NaN,NaN,NaN,NaN,NaN,NaN,NaN,NaN
s31,20,0,0,NaN,NaN,NaN,NaN,NaN,NaN,NaN,NaN,NaN
s31,21,0,0,NaN,NaN,NaN,NaN,NaN,NaN,NaN,NaN,NaN
s31,22,0,0,NaN,NaN,NaN,NaN,NaN,NaN,NaN,NaN,NaN
s31,23,0,0,NaN,NaN,NaN,NaN,NaN,NaN,NaN,NaN,NaN
s31,24,0,0,NaN,NaN,NaN,NaN,NaN,NaN,NaN,NaN,NaN
s31,25,0,0,NaN,NaN,NaN,NaN,NaN,NaN,NaN,NaN,NaN
s31,26,0,0,NaN,NaN,NaN,NaN,NaN,NaN,NaN,NaN,NaN
s31,27,0,0,NaN,NaN,NaN,NaN,NaN,NaN,NaN,NaN,NaN
s31,28,0,0,NaN,NaN,NaN,NaN,NaN,NaN,NaN,NaN,NaN
s31,29,0,0,NaN,NaN,NaN,NaN,NaN,NaN,NaN,NaN,NaN
s31,30,0,0,NaN,NaN,NaN,NaN,NaN,NaN,NaN,NaN,NaN
s32,1,1,1,99,2215,3,1.51325514931,-0.893455098935,0,0,0,3
s32,2,1,1,100,2206,2,-0.0915541539371,-2.07210806697,240,2,0,2
s32,3,1,1,95,2313,3,-1.03350744062,0.184170471842,360,2,2,2
s32,4,1,1,104,1598,3,0.955060609047,-1.70167427702,420,3,0,2
s32,5,1,1,107,1903,2,0.0479944811274,0.0494672754947,840,2,2,2
s32,6,1,1,91,1998,2,0.0131073223613,-2.84665144597,1320,2,2,2
s32,7,1,1,97,1540,3,-1.41726618705,0.150494672755,1500,2,2,2
s32,8,1,1,74,1897,3,2.17611116586,-1.53329528158,420,2,1,2
s32,9,1,1,87,1615,3,-0.056666995171,0.0157914764079,240,2,2,2
s32,10,0,0,NaN,NaN,NaN,NaN,NaN,NaN,NaN,NaN,NaN
s32,11,1,1,82,1628,2,0.152655957426,0.0494672754947,1500,3,0,2
s32,12,1,1,108,1886,3,1.79235241943,0.285197869102,1200,2,0,2
s32,13,1,1,77,1786,NaN,1.68769094314,-2.71194824962,0,3,0,3
s32,14,1,1,91,3909,3,-1.13816891692,0.0831430745814,900,1,0,1
s32,15,1,1,66,2135,4,-0.231102789002,0.0637605803561,600,0,0,1
s32,16,1,1,82,1812,4,-0.126441312703,4.89878234399,0,0,0,1
s32,17,1,1,80,2579,4,1.7225781019,2.91191019787,0,0,0,3
s32,18,0,0,NaN,NaN,NaN,NaN,NaN,NaN,NaN,NaN,NaN
s32,19,1,1,69,2400,3,0.222430274958,1.90163622527,1020,2,0,2
s32,20,0,0,NaN,NaN,NaN,NaN,NaN,NaN,NaN,NaN,NaN
s32,21,1,1,76,2516,1,2.07144968956,-0.0852359208524,960,2,0,2
s32,22,1,1,95,1958,3,0.257317433724,0.0157914764079,600,3,0,1
s32,23,1,1,99,1768,3,-0.126441312703,-0.118911719939,1500,1,1,1
s32,24,1,1,102,2239,2,-0.126441312703,-0.0515601217656,1080,2,1,2
s32,25,1,1,82,1776,1,0.0131073223613,-0.0852359208524,1080,3,0,2
s32,26,1,1,110,1694,3,2.76919286489,2.03633942161,1500,3,1,4
s32,27,1,1,113,1911,1,-0.0915541539371,2.70985540335,1020,2,0,1
s32,28,1,1,87,1416,0,2.24588548339,-0.0178843226788,1500,2,0,2
s32,29,1,1,103,2527,0,2.83896718242,-0.025733924529,1500,1,0,2
s32,30,1,1,110,1702,0,-0.0915541539371,-2.14981480893,1500,0,4,0
s33,1,1,1,3,NaN,4,-2.60239333286,2.70352035204,720,0,4,0
s33,2,1,1,57,2595,3,-1.87744853622,0.345756375488,780,1,3,2
s33,3,0,0,NaN,NaN,NaN,NaN,NaN,NaN,NaN,NaN,NaN
s33,4,0,0,NaN,NaN,NaN,NaN,NaN,NaN,NaN,NaN,NaN
s33,5,0,0,NaN,NaN,NaN,NaN,NaN,NaN,NaN,NaN,NaN
s33,6,0,0,NaN,NaN,NaN,NaN,NaN,NaN,NaN,NaN,NaN
s33,7,0,0,NaN,NaN,NaN,NaN,NaN,NaN,NaN,NaN,NaN
s33,8,0,0,NaN,NaN,NaN,NaN,NaN,NaN,NaN,NaN,NaN
s33,9,0,0,NaN,NaN,NaN,NaN,NaN,NaN,NaN,NaN,NaN
s33,10,0,0,NaN,NaN,NaN,NaN,NaN,NaN,NaN,NaN,NaN
s33,11,0,0,NaN,NaN,NaN,NaN,NaN,NaN,NaN,NaN,NaN
s33,12,0,0,NaN,NaN,NaN,NaN,NaN,NaN,NaN,NaN,NaN
s33,13,0,0,NaN,NaN,NaN,NaN,NaN,NaN,NaN,NaN,NaN
s33,14,0,0,NaN,NaN,NaN,NaN,NaN,NaN,NaN,NaN,NaN
s33,15,0,0,NaN,NaN,NaN,NaN,NaN,NaN,NaN,NaN,NaN
s33,16,0,0,NaN,NaN,NaN,NaN,NaN,NaN,NaN,NaN,NaN
s33,17,0,0,NaN,NaN,NaN,NaN,NaN,NaN,NaN,NaN,NaN
s33,18,0,0,NaN,NaN,NaN,NaN,NaN,NaN,NaN,NaN,NaN
s33,19,0,0,NaN,NaN,NaN,NaN,NaN,NaN,NaN,NaN,NaN
s33,20,0,0,NaN,NaN,NaN,NaN,NaN,NaN,NaN,NaN,NaN
s33,21,0,0,NaN,NaN,NaN,NaN,NaN,NaN,NaN,NaN,NaN
s33,22,0,0,NaN,NaN,NaN,NaN,NaN,NaN,NaN,NaN,NaN
s33,23,0,0,NaN,NaN,NaN,NaN,NaN,NaN,NaN,NaN,NaN
s33,24,0,0,NaN,NaN,NaN,NaN,NaN,NaN,NaN,NaN,NaN
s33,25,0,0,NaN,NaN,NaN,NaN,NaN,NaN,NaN,NaN,NaN
s33,26,0,0,NaN,NaN,NaN,NaN,NaN,NaN,NaN,NaN,NaN
s33,27,0,0,NaN,NaN,NaN,NaN,NaN,NaN,NaN,NaN,NaN
s33,28,0,0,NaN,NaN,NaN,NaN,NaN,NaN,NaN,NaN,NaN
s33,29,0,0,NaN,NaN,NaN,NaN,NaN,NaN,NaN,NaN,NaN
s33,30,0,0,NaN,NaN,NaN,NaN,NaN,NaN,NaN,NaN,NaN
s34,1,1,0,NaN,NaN,3,-4.06869025328,-1.64260186089,840,0,1,0
s34,2,1,1,76,2668,3,-1.48704050458,-4.18220601307,1140,0,4,1
s34,3,1,1,105,2343,3,0.327091751257,-2.61092085236,300,1,3,2
s34,4,1,1,92,2257,4,1.05972208535,-2.34151445967,600,1,1,1
s34,5,1,1,94,1559,4,-3.16162412536,4.17384314573,420,1,3,2
s34,6,1,1,94,1374,4,-2.3941066325,2.74353120244,120,1,2,1
s34,7,0,0,NaN,NaN,NaN,NaN,NaN,NaN,NaN,NaN,NaN
s34,8,1,1,95,1490,3,1.19927072041,0.857686453577,240,3,1,3
s34,9,0,0,NaN,NaN,NaN,NaN,NaN,NaN,NaN,NaN,NaN
s34,10,0,0,NaN,NaN,NaN,NaN,NaN,NaN,NaN,NaN,NaN
s34,11,1,1,86,1375,4,-1.45215334582,-2.0047564688,0,0,1,1
s34,12,0,0,NaN,NaN,NaN,NaN,NaN,NaN,NaN,NaN,NaN
s34,13,1,1,63,3199,2,3.11806445255,-2.20681126332,180,3,1,1
s34,14,1,1,93,2686,2,-0.0217798364048,-1.96372128259,120,2,2,1
s34,15,1,1,89,1922,3,3.04829013502,0.201464671885,240,2,1,2
s34,16,1,1,95,2493,4,-2.08012220361,3.74927505656,120,2,2,2
s34,17,1,1,58,2537,3,-0.370651424066,-0.0178843226788,480,1,2,1
s34,18,1,1,106,NaN,3,-1.59170198088,-0.803282309522,420,1,2,1
s34,19,1,1,108,2547,1,-0.928845964324,1.2190147876,360,2,1,2
s34,20,1,0,NaN,NaN,0,2.94362865872,1.11151799473,780,3,1,3
s34,21,0,0,NaN,NaN,NaN,NaN,NaN,NaN,NaN,NaN,NaN
s34,22,0,0,NaN,NaN,NaN,NaN,NaN,NaN,NaN,NaN,NaN
s34,23,0,0,NaN,NaN,NaN,NaN,NaN,NaN,NaN,NaN,NaN
s34,24,0,0,NaN,NaN,NaN,NaN,NaN,NaN,NaN,NaN,NaN
s34,25,0,0,NaN,NaN,NaN,NaN,NaN,NaN,NaN,NaN,NaN
s34,26,0,0,NaN,NaN,NaN,NaN,NaN,NaN,NaN,NaN,NaN
s34,27,0,0,NaN,NaN,NaN,NaN,NaN,NaN,NaN,NaN,NaN
s34,28,0,0,NaN,NaN,NaN,NaN,NaN,NaN,NaN,NaN,NaN
s34,29,0,0,NaN,NaN,NaN,NaN,NaN,NaN,NaN,NaN,NaN
s34,30,0,0,NaN,NaN,NaN,NaN,NaN,NaN,NaN,NaN,NaN
s35,1,1,1,25,2760,0,0.955060609047,1.16076864536,1440,2,1,2
s35,2,1,1,35,2617,0,1.05972208535,1.12709284627,720,2,1,1
s35,3,1,1,46,2212,0,1.96678821327,1.90163622527,960,3,0,2
s35,4,1,1,35,2467,0,3.85069478664,1.12709284627,1440,2,0,2
s35,5,1,1,41,3369,0,3.67625899281,3.88850837139,1500,3,0,2
s35,6,1,1,54,2079,0,3.9902434217,3.98944121989,1440,3,0,2
s35,7,1,1,29,2810,0,3.92046910417,4.25894216134,1440,3,0,3
s35,8,1,1,66,2048,0,3.9902434217,3.98953576865,1440,3,0,4
s35,9,1,1,86,2715,0,2.69941854735,3.01293759513,1440,2,0,2
s35,10,1,1,71,1982,0,2.62964422982,2.87823439878,1080,1,0,1
s35,11,1,1,81,2011,1,1.6179166256,2.81088280061,720,2,0,1
s35,12,1,1,71,2395,0,2.62964422982,3.95585996956,720,3,0,2
s35,13,1,1,79,1871,0,2.73430570612,4.00422782259,720,1,0,1
s35,14,1,1,69,2315,0,1.8272395782,1.90163622527,1440,1,0,1
s35,15,1,1,79,2031,0,2.00167537203,2.30574581431,1440,1,0,1
s35,16,1,1,73,2016,1,1.16438356164,1.09341704718,720,1,0,1
s35,17,1,1,85,2353,0,1.89701389573,2.17104261796,780,1,0,2
s35,18,1,1,79,2963,0,2.17611116586,1.86796042618,720,1,0,1
s35,19,1,1,94,3380,0,0.989947767813,1.09341704718,960,1,0,1
s35,20,1,1,80,1993,0,0.955060609047,1.2954718417,1440,1,0,0
s35,21,1,1,91,2463,0,-0.0915541539371,0.217846270928,1440,0,1,0
s35,22,1,1,68,2044,0,1.09460924411,1.09341704718,1440,2,0,1
s35,23,1,1,84,2192,1,0.780624815216,1.32914764079,1440,1,1,1
s35,24,1,1,75,2549,1,0.780624815216,1.09341704718,1440,1,1,2
s35,25,1,1,93,2378,0,0.571301862619,1.26179604262,1440,1,1,1
s35,26,1,1,76,2612,1,0.989947767813,0.992389649924,1440,2,1,1
s35,27,1,1,76,1631,0,0.74573765645,1.09341704718,1440,1,1,1
s35,28,1,1,62,1990,1,0.989947767813,-0.590372907154,1440,0,1,0
s35,29,1,1,77,1957,1,1.16438356164,1.0597412481,1440,0,1,0
s35,30,1,1,76,1646,2,0.11776879866,0.184170471842,1200,0,1,0
s36,1,1,1,66,2528,1,-0.3357642653,-1.76902587519,1440,2,2,2
s36,2,1,1,103,2959,2,-0.824184488026,2.5119792526,120,2,0,1
s36,3,1,1,87,2119,3,-2.4987681088,-2.88032724505,180,2,1,2
s36,4,1,1,75,1867,1,3.32738740514,0.161317421784,300,3,0,2
s36,5,1,1,83,2635,1,1.79235241943,0.971470738473,120,3,1,3
s36,6,1,1,90,2122,1,3.36227456391,0.0157914764079,480,2,0,1
s36,7,1,1,77,2193,1,3.39716172268,1.66590563166,480,3,1,3
s36,8,1,1,100,1942,0,2.35054695969,2.32445516252,960,3,0,2
s36,9,1,1,107,1991,2,0.0828816398936,-2.64459665145,300,2,0,1
s36,10,1,1,105,NaN,2,-0.0217798364048,-3.00470612873,180,3,1,1
s36,11,1,1,111,2106,2,0.571301862619,1.10393456818,60,2,1,3
s36,12,1,1,106,2032,1,-0.196215630236,-2.6938565514,180,1,1,1
s36,13,1,1,91,1963,3,-2.42899379127,-1.90372907154,180,1,1,1
s36,14,1,1,97,4178,1,-0.3357642653,-2.21375031958,360,2,1,2
s36,15,1,1,114,1489,0,0.955060609047,2.0700152207,180,2,0,2
s36,16,1,1,117,2373,1,2.28077264216,2.70985540335,120,2,0,2
s36,17,0,1,113,1844,NaN,NaN,NaN,NaN,NaN,NaN,NaN
s36,18,1,1,110,2657,3,-2.84763969646,-0.758751902588,180,1,0,1
s36,19,1,1,108,2042,2,-0.196215630236,0.150494672755,180,1,1,1
s36,20,1,1,115,2033,2,0.29220459249,1.46385083714,60,1,1,1
s36,21,1,1,107,2272,2,2.24588548339,0.578424381157,360,3,1,2
s36,22,1,1,105,2453,2,-0.196215630236,0.217846270928,300,1,3,1
s36,23,0,0,NaN,NaN,NaN,NaN,NaN,NaN,NaN,NaN,NaN
s36,24,1,1,90,2041,3,1.05972208535,2.54147640791,480,1,0,2
s36,25,0,0,NaN,NaN,NaN,NaN,NaN,NaN,NaN,NaN,NaN
s36,26,0,0,NaN,NaN,NaN,NaN,NaN,NaN,NaN,NaN,NaN
s36,27,0,0,NaN,NaN,NaN,NaN,NaN,NaN,NaN,NaN,NaN
s36,28,0,0,NaN,NaN,NaN,NaN,NaN,NaN,NaN,NaN,NaN
s36,29,0,0,NaN,NaN,NaN,NaN,NaN,NaN,NaN,NaN,NaN
s36,30,0,0,NaN,NaN,NaN,NaN,NaN,NaN,NaN,NaN,NaN
